,folder,file
0,1-M-INDIA_1_MET,1-M-INDIA_1_MET-01.wav
1,1-M-INDIA_1_MET,1-M-INDIA_1_MET-02.wav
2,1-M-INDIA_1_MET,1-M-INDIA_1_MET-03.wav
3,1-M-INDIA_1_MET,1-M-INDIA_1_MET-04.wav
4,1-M-INDIA_1_MET,1-M-INDIA_1_MET-05.wav
5,1-M-INDIA_1_MET,1-M-INDIA_1_MET-06.wav
6,1-M-INDIA_1_MET,1-M-INDIA_1_MET-07.wav
7,1-M-INDIA_1_MET,1-M-INDIA_1_MET-08.wav
8,1-M-INDIA_1_MET,1-M-INDIA_1_MET-09.wav
9,1-M-INDIA_1_MET,1-M-INDIA_1_MET-10.wav
10,1-M-INDIA_1_MET,1-M-INDIA_1_MET-11.wav
11,1-M-INDIA_1_MET,1-M-INDIA_1_MET-12.wav
12,1-M-INDIA_1_MET,1-M-INDIA_1_MET-13.wav
13,1-M-INDIA_1_MET,1-M-INDIA_1_MET-14.wav
14,1-M-INDIA_1_MET,1-M-INDIA_1_MET-15.wav
15,1-M-INDIA_1_MET,1-M-INDIA_1_MET-16.wav
16,1-M-INDIA_1_MET,1-M-INDIA_1_MET-17.wav
17,1-M-INDIA_1_MET,1-M-INDIA_1_MET-18.wav
18,1-M-INDIA_1_MET,1-M-INDIA_1_MET-19.wav
19,1-M-INDIA_1_MET,1-M-INDIA_1_MET-20.wav
20,1-M-INDIA_1_MET,1-M-INDIA_1_MET-21.wav
21,1-M-INDIA_1_MET,1-M-INDIA_1_MET-22.wav
22,10-B-GERMANY_1_MET,10-B-GERMANY_1_MET-01.wav
23,10-B-GERMANY_1_MET,10-B-GERMANY_1_MET-02.wav
24,10-B-GERMANY_1_MET,10-B-GERMANY_1_MET-03.wav
25,10-B-GERMANY_1_MET,10-B-GERMANY_1_MET-04.wav
26,10-B-GERMANY_1_MET,10-B-GERMANY_1_MET-05.wav
27,10-B-GERMANY_1_MET,10-B-GERMANY_1_MET-06.wav
28,10-B-GERMANY_1_MET,10-B-GERMANY_1_MET-07.wav
29,10-B-GERMANY_1_MET,10-B-GERMANY_1_MET-08.wav
30,10-B-GERMANY_1_MET,10-B-GERMANY_1_MET-09.wav
31,10-B-GERMANY_1_MET,10-B-GERMANY_1_MET-10.wav
32,10-B-GERMANY_1_MET,10-B-GERMANY_1_MET-11.wav
33,10-B-GERMANY_1_MET,10-B-GERMANY_1_MET-12.wav
34,10-B-GERMANY_1_MET,10-B-GERMANY_1_MET-13.wav
35,10-B-GERMANY_1_MET,10-B-GERMANY_1_MET-14.wav
36,10-B-GERMANY_1_MET,10-B-GERMANY_1_MET-15.wav
37,10-B-GERMANY_1_MET,10-B-GERMANY_1_MET-16.wav
38,10-B-GERMANY_1_MET,10-B-GERMANY_1_MET-17.wav
39,10-B-GERMANY_1_MET,10-B-GERMANY_1_MET-18.wav
40,10-B-GERMANY_1_MET,10-B-GERMANY_1_MET-19.wav
41,11-B-GERMANY_1_MET,11-B-GERMANY_1_MET-01.wav
42,11-B-GERMANY_1_MET,11-B-GERMANY_1_MET-02.wav
43,11-B-GERMANY_1_MET,11-B-GERMANY_1_MET-03.wav
44,11-B-GERMANY_1_MET,11-B-GERMANY_1_MET-04.wav
45,11-B-GERMANY_1_MET,11-B-GERMANY_1_MET-05.wav
46,11-B-GERMANY_1_MET,11-B-GERMANY_1_MET-06.wav
47,11-B-GERMANY_1_MET,11-B-GERMANY_1_MET-07.wav
48,11-B-GERMANY_1_MET,11-B-GERMANY_1_MET-08.wav
49,12-B-GERMANY_1_MET,12-B-GERMANY_1_MET-01.wav
50,12-B-GERMANY_1_MET,12-B-GERMANY_1_MET-02.wav
51,12-B-GERMANY_1_MET,12-B-GERMANY_1_MET-03.wav
52,12-B-GERMANY_1_MET,12-B-GERMANY_1_MET-04.wav
53,12-B-GERMANY_1_MET,12-B-GERMANY_1_MET-05.wav
54,12-B-GERMANY_1_MET,12-B-GERMANY_1_MET-06.wav
55,12-B-GERMANY_1_MET,12-B-GERMANY_1_MET-07.wav
56,12-B-GERMANY_1_MET,12-B-GERMANY_1_MET-08.wav
57,12-B-GERMANY_1_MET,12-B-GERMANY_1_MET-09.wav
58,12-B-GERMANY_1_MET,12-B-GERMANY_1_MET-10.wav
59,12-B-GERMANY_1_MET,12-B-GERMANY_1_MET-11.wav
60,12-B-GERMANY_1_MET,12-B-GERMANY_1_MET-12.wav
61,12-B-GERMANY_1_MET,12-B-GERMANY_1_MET-13.wav
62,12-B-GERMANY_1_MET,12-B-GERMANY_1_MET-14.wav
63,13-M-INDIA_1_MET,13-M-INDIA_1_MET-01.wav
64,13-M-INDIA_1_MET,13-M-INDIA_1_MET-02.wav
65,13-M-INDIA_1_MET,13-M-INDIA_1_MET-03.wav
66,13-M-INDIA_1_MET,13-M-INDIA_1_MET-04.wav
67,13-M-INDIA_1_MET,13-M-INDIA_1_MET-05.wav
68,13-M-INDIA_1_MET,13-M-INDIA_1_MET-06.wav
69,13-M-INDIA_1_MET,13-M-INDIA_1_MET-07.wav
70,13-M-INDIA_1_MET,13-M-INDIA_1_MET-08.wav
71,13-M-INDIA_1_MET,13-M-INDIA_1_MET-09.wav
72,13-M-INDIA_1_MET,13-M-INDIA_1_MET-10.wav
73,13-M-INDIA_1_MET,13-M-INDIA_1_MET-11.wav
74,13-M-INDIA_1_MET,13-M-INDIA_1_MET-12.wav
75,13-M-INDIA_1_MET,13-M-INDIA_1_MET-13.wav
76,13-M-INDIA_1_MET,13-M-INDIA_1_MET-14.wav
77,13-M-INDIA_1_MET,13-M-INDIA_1_MET-15.wav
78,13-M-INDIA_1_MET,13-M-INDIA_1_MET-16.wav
79,13-M-INDIA_1_MET,13-M-INDIA_1_MET-17.wav
80,13-M-INDIA_1_MET,13-M-INDIA_1_MET-18.wav
81,13-M-INDIA_1_MET,13-M-INDIA_1_MET-19.wav
82,13-M-INDIA_1_MET,13-M-INDIA_1_MET-20.wav
83,13-M-INDIA_1_MET,13-M-INDIA_1_MET-21.wav
84,13-M-INDIA_1_MET,13-M-INDIA_1_MET-22.wav
85,13-M-INDIA_1_MET,13-M-INDIA_1_MET-23.wav
86,13-M-INDIA_1_MET,13-M-INDIA_1_MET-24.wav
87,14-M-INDIA_1_MET,14-M-INDIA_1_MET-01.wav
88,14-M-INDIA_1_MET,14-M-INDIA_1_MET-02.wav
89,14-M-INDIA_1_MET,14-M-INDIA_1_MET-03.wav
90,14-M-INDIA_1_MET,14-M-INDIA_1_MET-04.wav
91,14-M-INDIA_1_MET,14-M-INDIA_1_MET-05.wav
92,14-M-INDIA_1_MET,14-M-INDIA_1_MET-06.wav
93,14-M-INDIA_1_MET,14-M-INDIA_1_MET-07.wav
94,14-M-INDIA_1_MET,14-M-INDIA_1_MET-08.wav
95,14-M-INDIA_1_MET,14-M-INDIA_1_MET-09.wav
96,14-M-INDIA_1_MET,14-M-INDIA_1_MET-10.wav
97,14-M-INDIA_1_MET,14-M-INDIA_1_MET-11.wav
98,14-M-INDIA_1_MET,14-M-INDIA_1_MET-12.wav
99,15-M-INDIA_1_MET,15-M-INDIA_1_MET-01.wav
100,15-M-INDIA_1_MET,15-M-INDIA_1_MET-02.wav
101,15-M-INDIA_1_MET,15-M-INDIA_1_MET-03.wav
102,15-M-INDIA_1_MET,15-M-INDIA_1_MET-04.wav
103,15-M-INDIA_1_MET,15-M-INDIA_1_MET-05.wav
104,15-M-INDIA_1_MET,15-M-INDIA_1_MET-06.wav
105,15-M-INDIA_1_MET,15-M-INDIA_1_MET-07.wav
106,15-M-INDIA_1_MET,15-M-INDIA_1_MET-08.wav
107,15-M-INDIA_1_MET,15-M-INDIA_1_MET-09.wav
108,15-M-INDIA_1_MET,15-M-INDIA_1_MET-10.wav
109,15-M-INDIA_1_MET,15-M-INDIA_1_MET-11.wav
110,15-M-INDIA_1_MET,15-M-INDIA_1_MET-12.wav
111,15-M-INDIA_1_MET,15-M-INDIA_1_MET-13.wav
112,15-M-INDIA_1_MET,15-M-INDIA_1_MET-14.wav
113,16-B-GERMANY_1_MET,16-B-GERMANY_1_MET-01.wav
114,16-B-GERMANY_1_MET,16-B-GERMANY_1_MET-02.wav
115,16-B-GERMANY_1_MET,16-B-GERMANY_1_MET-03.wav
116,16-B-GERMANY_1_MET,16-B-GERMANY_1_MET-04.wav
117,17-M-COLOMBIA_1_MET,17-M-COLOMBIA_1_MET-01.wav
118,17-M-COLOMBIA_1_MET,17-M-COLOMBIA_1_MET-02.wav
119,17-M-COLOMBIA_1_MET,17-M-COLOMBIA_1_MET-03.wav
120,17-M-COLOMBIA_1_MET,17-M-COLOMBIA_1_MET-04.wav
121,17-M-COLOMBIA_1_MET,17-M-COLOMBIA_1_MET-05.wav
122,17-M-COLOMBIA_1_MET,17-M-COLOMBIA_1_MET-06.wav
123,17-M-COLOMBIA_1_MET,17-M-COLOMBIA_1_MET-07.wav
124,17-M-COLOMBIA_1_MET,17-M-COLOMBIA_1_MET-08.wav
125,17-M-COLOMBIA_1_MET,17-M-COLOMBIA_1_MET-09.wav
126,17-M-COLOMBIA_1_MET,17-M-COLOMBIA_1_MET-10.wav
127,17-M-COLOMBIA_1_MET,17-M-COLOMBIA_1_MET-11.wav
128,17-M-COLOMBIA_1_MET,17-M-COLOMBIA_1_MET-12.wav
129,17-M-COLOMBIA_1_MET,17-M-COLOMBIA_1_MET-13.wav
130,17-M-COLOMBIA_1_MET,17-M-COLOMBIA_1_MET-14.wav
131,17-M-COLOMBIA_1_MET,17-M-COLOMBIA_1_MET-15.wav
132,17-M-COLOMBIA_1_MET,17-M-COLOMBIA_1_MET-16.wav
133,17-M-COLOMBIA_1_MET,17-M-COLOMBIA_1_MET-17.wav
134,17-M-COLOMBIA_1_MET,17-M-COLOMBIA_1_MET-18.wav
135,17-M-COLOMBIA_1_MET,17-M-COLOMBIA_1_MET-19.wav
136,17-M-COLOMBIA_1_MET,17-M-COLOMBIA_1_MET-20.wav
137,18-B-GERMANY_1_MET,18-B-GERMANY_1_MET-01.wav
138,18-B-GERMANY_1_MET,18-B-GERMANY_1_MET-02.wav
139,18-B-GERMANY_1_MET,18-B-GERMANY_1_MET-03.wav
140,18-B-GERMANY_1_MET,18-B-GERMANY_1_MET-04.wav
141,18-B-GERMANY_1_MET,18-B-GERMANY_1_MET-05.wav
142,18-B-GERMANY_1_MET,18-B-GERMANY_1_MET-06.wav
143,18-B-GERMANY_1_MET,18-B-GERMANY_1_MET-07.wav
144,18-B-GERMANY_1_MET,18-B-GERMANY_1_MET-08.wav
145,18-B-GERMANY_1_MET,18-B-GERMANY_1_MET-09.wav
146,18-B-GERMANY_1_MET,18-B-GERMANY_1_MET-10.wav
147,18-B-GERMANY_1_MET,18-B-GERMANY_1_MET-11.wav
148,18-B-GERMANY_1_MET,18-B-GERMANY_1_MET-12.wav
149,18-B-GERMANY_1_MET,18-B-GERMANY_1_MET-13.wav
150,18-B-GERMANY_1_MET,18-B-GERMANY_1_MET-14.wav
151,18-B-GERMANY_1_MET,18-B-GERMANY_1_MET-15.wav
152,18-B-GERMANY_1_MET,18-B-GERMANY_1_MET-16.wav
153,18-B-GERMANY_1_MET,18-B-GERMANY_1_MET-17.wav
154,18-B-GERMANY_1_MET,18-B-GERMANY_1_MET-18.wav
155,18-B-GERMANY_1_MET,18-B-GERMANY_1_MET-19.wav
156,19-B-GERMANY_1_MET,19-B-GERMANY_1_MET-01.wav
157,19-B-GERMANY_1_MET,19-B-GERMANY_1_MET-02.wav
158,19-B-GERMANY_1_MET,19-B-GERMANY_1_MET-03.wav
159,19-B-GERMANY_1_MET,19-B-GERMANY_1_MET-04.wav
160,19-B-GERMANY_1_MET,19-B-GERMANY_1_MET-05.wav
161,19-B-GERMANY_1_MET,19-B-GERMANY_1_MET-06.wav
162,2-B-CHILE_1_MET,2-B-CHILE_1_MET-01.wav
163,2-B-CHILE_1_MET,2-B-CHILE_1_MET-02.wav
164,2-B-CHILE_1_MET,2-B-CHILE_1_MET-03.wav
165,2-B-CHILE_1_MET,2-B-CHILE_1_MET-04.wav
166,2-B-CHILE_1_MET,2-B-CHILE_1_MET-05.wav
167,2-B-CHILE_1_MET,2-B-CHILE_1_MET-06.wav
168,2-B-CHILE_1_MET,2-B-CHILE_1_MET-07.wav
169,2-B-CHILE_1_MET,2-B-CHILE_1_MET-08.wav
170,2-B-CHILE_1_MET,2-B-CHILE_1_MET-09.wav
171,2-B-CHILE_1_MET,2-B-CHILE_1_MET-10.wav
172,2-B-CHILE_1_MET,2-B-CHILE_1_MET-11.wav
173,2-B-CHILE_1_MET,2-B-CHILE_1_MET-12.wav
174,2-B-CHILE_1_MET,2-B-CHILE_1_MET-13.wav
175,2-B-CHILE_1_MET,2-B-CHILE_1_MET-14.wav
176,2-B-CHILE_1_MET,2-B-CHILE_1_MET-15.wav
177,2-B-CHILE_1_MET,2-B-CHILE_1_MET-16.wav
178,2-B-CHILE_1_MET,2-B-CHILE_1_MET-17.wav
179,2-B-CHILE_1_MET,2-B-CHILE_1_MET-18.wav
180,2-B-CHILE_1_MET,2-B-CHILE_1_MET-19.wav
181,2-B-CHILE_1_MET,2-B-CHILE_1_MET-20.wav
182,2-B-CHILE_1_MET,2-B-CHILE_1_MET-21.wav
183,2-B-CHILE_1_MET,2-B-CHILE_1_MET-22.wav
184,2-B-CHILE_1_MET,2-B-CHILE_1_MET-23.wav
185,2-B-CHILE_1_MET,2-B-CHILE_1_MET-24.wav
186,2-B-CHILE_1_MET,2-B-CHILE_1_MET-25.wav
187,2-B-CHILE_1_MET,2-B-CHILE_1_MET-26.wav
188,2-B-CHILE_1_MET,2-B-CHILE_1_MET-27.wav
189,2-B-CHILE_1_MET,2-B-CHILE_1_MET-28.wav
190,2-B-CHILE_1_MET,2-B-CHILE_1_MET-29.wav
191,2-B-CHILE_1_MET,2-B-CHILE_1_MET-30.wav
192,20-B-CHINA_1_MET,20-B-CHINA_1_MET-01.wav
193,20-B-CHINA_1_MET,20-B-CHINA_1_MET-02.wav
194,20-B-CHINA_1_MET,20-B-CHINA_1_MET-03.wav
195,20-B-CHINA_1_MET,20-B-CHINA_1_MET-04.wav
196,20-B-CHINA_1_MET,20-B-CHINA_1_MET-05.wav
197,20-B-CHINA_1_MET,20-B-CHINA_1_MET-06.wav
198,20-B-CHINA_1_MET,20-B-CHINA_1_MET-07.wav
199,20-B-CHINA_1_MET,20-B-CHINA_1_MET-08.wav
200,20-B-CHINA_1_MET,20-B-CHINA_1_MET-09.wav
201,20-B-CHINA_1_MET,20-B-CHINA_1_MET-10.wav
202,20-B-CHINA_1_MET,20-B-CHINA_1_MET-11.wav
203,20-B-CHINA_1_MET,20-B-CHINA_1_MET-12.wav
204,20-B-CHINA_1_MET,20-B-CHINA_1_MET-13.wav
205,20-B-CHINA_1_MET,20-B-CHINA_1_MET-14.wav
206,20-B-CHINA_1_MET,20-B-CHINA_1_MET-15.wav
207,20-B-CHINA_1_MET,20-B-CHINA_1_MET-16.wav
208,20-B-CHINA_1_MET,20-B-CHINA_1_MET-17.wav
209,20-B-CHINA_1_MET,20-B-CHINA_1_MET-18.wav
210,20-B-CHINA_1_MET,20-B-CHINA_1_MET-19.wav
211,20-B-CHINA_1_MET,20-B-CHINA_1_MET-20.wav
212,20-B-CHINA_1_MET,20-B-CHINA_1_MET-21.wav
213,20-B-CHINA_1_MET,20-B-CHINA_1_MET-22.wav
214,21-B-GERMANY_1_MET,21-B-GERMANY_1_MET-01.wav
215,21-B-GERMANY_1_MET,21-B-GERMANY_1_MET-02.wav
216,21-B-GERMANY_1_MET,21-B-GERMANY_1_MET-03.wav
217,21-B-GERMANY_1_MET,21-B-GERMANY_1_MET-04.wav
218,21-B-GERMANY_1_MET,21-B-GERMANY_1_MET-05.wav
219,21-B-GERMANY_1_MET,21-B-GERMANY_1_MET-06.wav
220,21-B-GERMANY_1_MET,21-B-GERMANY_1_MET-07.wav
221,21-B-GERMANY_1_MET,21-B-GERMANY_1_MET-08.wav
222,21-B-GERMANY_1_MET,21-B-GERMANY_1_MET-09.wav
223,21-B-GERMANY_1_MET,21-B-GERMANY_1_MET-10.wav
224,21-B-GERMANY_1_MET,21-B-GERMANY_1_MET-11.wav
225,21-B-GERMANY_1_MET,21-B-GERMANY_1_MET-12.wav
226,21-B-GERMANY_1_MET,21-B-GERMANY_1_MET-13.wav
227,21-B-GERMANY_1_MET,21-B-GERMANY_1_MET-14.wav
228,21-B-GERMANY_1_MET,21-B-GERMANY_1_MET-15.wav
229,21-B-GERMANY_1_MET,21-B-GERMANY_1_MET-16.wav
230,21-B-GERMANY_1_MET,21-B-GERMANY_1_MET-17.wav
231,21-B-GERMANY_1_MET,21-B-GERMANY_1_MET-18.wav
232,21-B-GERMANY_1_MET,21-B-GERMANY_1_MET-19.wav
233,21-B-GERMANY_1_MET,21-B-GERMANY_1_MET-20.wav
234,21-B-GERMANY_1_MET,21-B-GERMANY_1_MET-21.wav
235,21-B-GERMANY_1_MET,21-B-GERMANY_1_MET-22.wav
236,21-B-GERMANY_1_MET,21-B-GERMANY_1_MET-23.wav
237,21-B-GERMANY_1_MET,21-B-GERMANY_1_MET-24.wav
238,21-B-GERMANY_1_MET,21-B-GERMANY_1_MET-25.wav
239,21-B-GERMANY_1_MET,21-B-GERMANY_1_MET-26.wav
240,21-B-GERMANY_1_MET,21-B-GERMANY_1_MET-27.wav
241,21-B-GERMANY_1_MET,21-B-GERMANY_1_MET-28.wav
242,21-B-GERMANY_1_MET,21-B-GERMANY_1_MET-29.wav
243,21-B-GERMANY_1_MET,21-B-GERMANY_1_MET-30.wav
244,21-B-GERMANY_1_MET,21-B-GERMANY_1_MET-31.wav
245,22-B-PAKISTAN_1_MET,22-B-PAKISTAN_1_MET-01.wav
246,22-B-PAKISTAN_1_MET,22-B-PAKISTAN_1_MET-02.wav
247,22-B-PAKISTAN_1_MET,22-B-PAKISTAN_1_MET-03.wav
248,22-B-PAKISTAN_1_MET,22-B-PAKISTAN_1_MET-04.wav
249,22-B-PAKISTAN_1_MET,22-B-PAKISTAN_1_MET-05.wav
250,22-B-PAKISTAN_1_MET,22-B-PAKISTAN_1_MET-06.wav
251,22-B-PAKISTAN_1_MET,22-B-PAKISTAN_1_MET-07.wav
252,22-B-PAKISTAN_1_MET,22-B-PAKISTAN_1_MET-08.wav
253,22-B-PAKISTAN_1_MET,22-B-PAKISTAN_1_MET-09.wav
254,22-B-PAKISTAN_1_MET,22-B-PAKISTAN_1_MET-10.wav
255,22-B-PAKISTAN_1_MET,22-B-PAKISTAN_1_MET-11.wav
256,22-B-PAKISTAN_1_MET,22-B-PAKISTAN_1_MET-12.wav
257,22-B-PAKISTAN_1_MET,22-B-PAKISTAN_1_MET-13.wav
258,22-B-PAKISTAN_1_MET,22-B-PAKISTAN_1_MET-14.wav
259,23-M-IRAN_1_MET,23-M-IRAN_1_MET-01.wav
260,23-M-IRAN_1_MET,23-M-IRAN_1_MET-02.wav
261,23-M-IRAN_1_MET,23-M-IRAN_1_MET-03.wav
262,23-M-IRAN_1_MET,23-M-IRAN_1_MET-04.wav
263,23-M-IRAN_1_MET,23-M-IRAN_1_MET-05.wav
264,23-M-IRAN_1_MET,23-M-IRAN_1_MET-06.wav
265,23-M-IRAN_1_MET,23-M-IRAN_1_MET-07.wav
266,23-M-IRAN_1_MET,23-M-IRAN_1_MET-08.wav
267,23-M-IRAN_1_MET,23-M-IRAN_1_MET-09.wav
268,23-M-IRAN_1_MET,23-M-IRAN_1_MET-10.wav
269,23-M-IRAN_1_MET,23-M-IRAN_1_MET-11.wav
270,23-M-IRAN_1_MET,23-M-IRAN_1_MET-12.wav
271,23-M-IRAN_1_MET,23-M-IRAN_1_MET-13.wav
272,23-M-IRAN_1_MET,23-M-IRAN_1_MET-14.wav
273,23-M-IRAN_1_MET,23-M-IRAN_1_MET-15.wav
274,23-M-IRAN_1_MET,23-M-IRAN_1_MET-16.wav
275,24-M-INDIA_1_MET,24-M-INDIA_1_MET-01.wav
276,24-M-INDIA_1_MET,24-M-INDIA_1_MET-02.wav
277,24-M-INDIA_1_MET,24-M-INDIA_1_MET-03.wav
278,24-M-INDIA_1_MET,24-M-INDIA_1_MET-04.wav
279,24-M-INDIA_1_MET,24-M-INDIA_1_MET-05.wav
280,24-M-INDIA_1_MET,24-M-INDIA_1_MET-06.wav
281,24-M-INDIA_1_MET,24-M-INDIA_1_MET-07.wav
282,24-M-INDIA_1_MET,24-M-INDIA_1_MET-08.wav
283,24-M-INDIA_1_MET,24-M-INDIA_1_MET-09.wav
284,24-M-INDIA_1_MET,24-M-INDIA_1_MET-10.wav
285,24-M-INDIA_1_MET,24-M-INDIA_1_MET-11.wav
286,24-M-INDIA_1_MET,24-M-INDIA_1_MET-12.wav
287,24-M-INDIA_1_MET,24-M-INDIA_1_MET-13.wav
288,25-B-GERMANY_1_MET,25-B-GERMANY_1_MET-01.wav
289,25-B-GERMANY_1_MET,25-B-GERMANY_1_MET-02.wav
290,25-B-GERMANY_1_MET,25-B-GERMANY_1_MET-03.wav
291,25-B-GERMANY_1_MET,25-B-GERMANY_1_MET-04.wav
292,26-B-GERMANY_1_MET,26-B-GERMANY_1_MET-01.wav
293,26-B-GERMANY_1_MET,26-B-GERMANY_1_MET-02.wav
294,26-B-GERMANY_1_MET,26-B-GERMANY_1_MET-03.wav
295,26-B-GERMANY_1_MET,26-B-GERMANY_1_MET-04.wav
296,26-B-GERMANY_1_MET,26-B-GERMANY_1_MET-05.wav
297,26-B-GERMANY_1_MET,26-B-GERMANY_1_MET-06.wav
298,26-B-GERMANY_1_MET,26-B-GERMANY_1_MET-07.wav
299,26-B-GERMANY_1_MET,26-B-GERMANY_1_MET-08.wav
300,27-B-GERMANY_1_MET,27-B-GERMANY_1_MET-01.wav
301,27-B-GERMANY_1_MET,27-B-GERMANY_1_MET-02.wav
302,27-B-GERMANY_1_MET,27-B-GERMANY_1_MET-03.wav
303,27-B-GERMANY_1_MET,27-B-GERMANY_1_MET-04.wav
304,27-B-GERMANY_1_MET,27-B-GERMANY_1_MET-05.wav
305,27-B-GERMANY_1_MET,27-B-GERMANY_1_MET-06.wav
306,27-B-GERMANY_1_MET,27-B-GERMANY_1_MET-07.wav
307,27-B-GERMANY_1_MET,27-B-GERMANY_1_MET-08.wav
308,28-M-INDIA_1_MET,28-M-INDIA_1_MET-01.wav
309,28-M-INDIA_1_MET,28-M-INDIA_1_MET-02.wav
310,28-M-INDIA_1_MET,28-M-INDIA_1_MET-03.wav
311,28-M-INDIA_1_MET,28-M-INDIA_1_MET-04.wav
312,28-M-INDIA_1_MET,28-M-INDIA_1_MET-05.wav
313,28-M-INDIA_1_MET,28-M-INDIA_1_MET-06.wav
314,28-M-INDIA_1_MET,28-M-INDIA_1_MET-07.wav
315,29-M-INDIA_1_MET,29-M-INDIA_1_MET-01.wav
316,29-M-INDIA_1_MET,29-M-INDIA_1_MET-02.wav
317,29-M-INDIA_1_MET,29-M-INDIA_1_MET-03.wav
318,29-M-INDIA_1_MET,29-M-INDIA_1_MET-04.wav
319,29-M-INDIA_1_MET,29-M-INDIA_1_MET-05.wav
320,3-B-NIGERIA_1_MET,3-B-NIGERIA_1_MET-01.wav
321,3-B-NIGERIA_1_MET,3-B-NIGERIA_1_MET-02.wav
322,3-B-NIGERIA_1_MET,3-B-NIGERIA_1_MET-03.wav
323,3-B-NIGERIA_1_MET,3-B-NIGERIA_1_MET-04.wav
324,3-B-NIGERIA_1_MET,3-B-NIGERIA_1_MET-05.wav
325,3-B-NIGERIA_1_MET,3-B-NIGERIA_1_MET-06.wav
326,3-B-NIGERIA_1_MET,3-B-NIGERIA_1_MET-07.wav
327,3-B-NIGERIA_1_MET,3-B-NIGERIA_1_MET-08.wav
328,3-B-NIGERIA_1_MET,3-B-NIGERIA_1_MET-09.wav
329,3-B-NIGERIA_1_MET,3-B-NIGERIA_1_MET-10.wav
330,3-B-NIGERIA_1_MET,3-B-NIGERIA_1_MET-11.wav
331,3-B-NIGERIA_1_MET,3-B-NIGERIA_1_MET-12.wav
332,3-B-NIGERIA_1_MET,3-B-NIGERIA_1_MET-13.wav
333,3-B-NIGERIA_1_MET,3-B-NIGERIA_1_MET-14.wav
334,3-B-NIGERIA_1_MET,3-B-NIGERIA_1_MET-15.wav
335,3-B-NIGERIA_1_MET,3-B-NIGERIA_1_MET-16.wav
336,3-B-NIGERIA_1_MET,3-B-NIGERIA_1_MET-17.wav
337,30-B-NEPAL_1_MET,30-B-NEPAL_1_MET-01.wav
338,30-B-NEPAL_1_MET,30-B-NEPAL_1_MET-02.wav
339,30-B-NEPAL_1_MET,30-B-NEPAL_1_MET-03.wav
340,30-B-NEPAL_1_MET,30-B-NEPAL_1_MET-04.wav
341,30-B-NEPAL_1_MET,30-B-NEPAL_1_MET-05.wav
342,30-B-NEPAL_1_MET,30-B-NEPAL_1_MET-06.wav
343,30-B-NEPAL_1_MET,30-B-NEPAL_1_MET-07.wav
344,30-B-NEPAL_1_MET,30-B-NEPAL_1_MET-08.wav
345,30-B-NEPAL_1_MET,30-B-NEPAL_1_MET-09.wav
346,30-B-NEPAL_1_MET,30-B-NEPAL_1_MET-10.wav
347,30-B-NEPAL_1_MET,30-B-NEPAL_1_MET-11.wav
348,4-M-INDIA_1_MET,4-M-INDIA_1_MET-01.wav
349,4-M-INDIA_1_MET,4-M-INDIA_1_MET-02.wav
350,4-M-INDIA_1_MET,4-M-INDIA_1_MET-03.wav
351,4-M-INDIA_1_MET,4-M-INDIA_1_MET-04.wav
352,4-M-INDIA_1_MET,4-M-INDIA_1_MET-05.wav
353,4-M-INDIA_1_MET,4-M-INDIA_1_MET-06.wav
354,4-M-INDIA_1_MET,4-M-INDIA_1_MET-07.wav
355,4-M-INDIA_1_MET,4-M-INDIA_1_MET-08.wav
356,4-M-INDIA_1_MET,4-M-INDIA_1_MET-09.wav
357,4-M-INDIA_1_MET,4-M-INDIA_1_MET-10.wav
358,4-M-INDIA_1_MET,4-M-INDIA_1_MET-11.wav
359,5-M-INDIA_1_MET,5-M-INDIA_1_MET-01.wav
360,5-M-INDIA_1_MET,5-M-INDIA_1_MET-02.wav
361,5-M-INDIA_1_MET,5-M-INDIA_1_MET-03.wav
362,5-M-INDIA_1_MET,5-M-INDIA_1_MET-04.wav
363,5-M-INDIA_1_MET,5-M-INDIA_1_MET-05.wav
364,5-M-INDIA_1_MET,5-M-INDIA_1_MET-06.wav
365,5-M-INDIA_1_MET,5-M-INDIA_1_MET-07.wav
366,5-M-INDIA_1_MET,5-M-INDIA_1_MET-08.wav
367,5-M-INDIA_1_MET,5-M-INDIA_1_MET-09.wav
368,5-M-INDIA_1_MET,5-M-INDIA_1_MET-10.wav
369,5-M-INDIA_1_MET,5-M-INDIA_1_MET-11.wav
370,5-M-INDIA_1_MET,5-M-INDIA_1_MET-12.wav
371,5-M-INDIA_1_MET,5-M-INDIA_1_MET-13.wav
372,5-M-INDIA_1_MET,5-M-INDIA_1_MET-14.wav
373,5-M-INDIA_1_MET,5-M-INDIA_1_MET-15.wav
374,5-M-INDIA_1_MET,5-M-INDIA_1_MET-16.wav
375,5-M-INDIA_1_MET,5-M-INDIA_1_MET-17.wav
376,5-M-INDIA_1_MET,5-M-INDIA_1_MET-18.wav
377,5-M-INDIA_1_MET,5-M-INDIA_1_MET-19.wav
378,6-B-GERMANY_1_MET,6-B-GERMANY_1_MET-01.wav
379,6-B-GERMANY_1_MET,6-B-GERMANY_1_MET-02.wav
380,6-B-GERMANY_1_MET,6-B-GERMANY_1_MET-03.wav
381,6-B-GERMANY_1_MET,6-B-GERMANY_1_MET-04.wav
382,6-B-GERMANY_1_MET,6-B-GERMANY_1_MET-05.wav
383,6-B-GERMANY_1_MET,6-B-GERMANY_1_MET-06.wav
384,6-B-GERMANY_1_MET,6-B-GERMANY_1_MET-07.wav
385,6-B-GERMANY_1_MET,6-B-GERMANY_1_MET-08.wav
386,6-B-GERMANY_1_MET,6-B-GERMANY_1_MET-09.wav
387,6-B-GERMANY_1_MET,6-B-GERMANY_1_MET-10.wav
388,7-B-PAKISTAN_1_MET,7-B-PAKISTAN_1_MET-01.wav
389,7-B-PAKISTAN_1_MET,7-B-PAKISTAN_1_MET-02.wav
390,7-B-PAKISTAN_1_MET,7-B-PAKISTAN_1_MET-03.wav
391,7-B-PAKISTAN_1_MET,7-B-PAKISTAN_1_MET-04.wav
392,7-B-PAKISTAN_1_MET,7-B-PAKISTAN_1_MET-05.wav
393,7-B-PAKISTAN_1_MET,7-B-PAKISTAN_1_MET-06.wav
394,7-B-PAKISTAN_1_MET,7-B-PAKISTAN_1_MET-07.wav
395,7-B-PAKISTAN_1_MET,7-B-PAKISTAN_1_MET-08.wav
396,7-B-PAKISTAN_1_MET,7-B-PAKISTAN_1_MET-09.wav
397,7-B-PAKISTAN_1_MET,7-B-PAKISTAN_1_MET-10.wav
398,7-B-PAKISTAN_1_MET,7-B-PAKISTAN_1_MET-11.wav
399,7-B-PAKISTAN_1_MET,7-B-PAKISTAN_1_MET-12.wav
400,7-B-PAKISTAN_1_MET,7-B-PAKISTAN_1_MET-13.wav
401,7-B-PAKISTAN_1_MET,7-B-PAKISTAN_1_MET-14.wav
402,7-B-PAKISTAN_1_MET,7-B-PAKISTAN_1_MET-15.wav
403,7-B-PAKISTAN_1_MET,7-B-PAKISTAN_1_MET-16.wav
404,7-B-PAKISTAN_1_MET,7-B-PAKISTAN_1_MET-17.wav
405,7-B-PAKISTAN_1_MET,7-B-PAKISTAN_1_MET-18.wav
406,7-B-PAKISTAN_1_MET,7-B-PAKISTAN_1_MET-19.wav
407,7-B-PAKISTAN_1_MET,7-B-PAKISTAN_1_MET-20.wav
408,8-M-NEPAL_1_MET,8-M-NEPAL_1_MET-01.wav
409,8-M-NEPAL_1_MET,8-M-NEPAL_1_MET-02.wav
410,8-M-NEPAL_1_MET,8-M-NEPAL_1_MET-03.wav
411,8-M-NEPAL_1_MET,8-M-NEPAL_1_MET-04.wav
412,9-M-INDIA_1_MET,9-M-INDIA_1_MET-01.wav
413,9-M-INDIA_1_MET,9-M-INDIA_1_MET-02.wav
414,9-M-INDIA_1_MET,9-M-INDIA_1_MET-03.wav
415,9-M-INDIA_1_MET,9-M-INDIA_1_MET-04.wav
416,9-M-INDIA_1_MET,9-M-INDIA_1_MET-05.wav
417,9-M-INDIA_1_MET,9-M-INDIA_1_MET-06.wav
418,9-M-INDIA_1_MET,9-M-INDIA_1_MET-07.wav
419,9-M-INDIA_1_MET,9-M-INDIA_1_MET-08.wav
420,9-M-INDIA_1_MET,9-M-INDIA_1_MET-09.wav
421,9-M-INDIA_1_MET,9-M-INDIA_1_MET-10.wav
422,9-M-INDIA_1_MET,9-M-INDIA_1_MET-11.wav
423,9-M-INDIA_1_MET,9-M-INDIA_1_MET-12.wav
