filenames;emotions
03-01-01-01-01-01-01.wav;neutral
03-01-01-01-01-02-01.wav;neutral
03-01-01-01-02-01-01.wav;neutral
03-01-01-01-02-02-01.wav;neutral
03-01-02-01-01-01-01.wav;calm
03-01-02-01-01-02-01.wav;calm
03-01-02-01-02-01-01.wav;calm
03-01-02-01-02-02-01.wav;calm
03-01-02-02-01-01-01.wav;calm
03-01-02-02-01-02-01.wav;calm
03-01-02-02-02-01-01.wav;calm
03-01-02-02-02-02-01.wav;calm
03-01-03-01-01-01-01.wav;happy
03-01-03-01-01-02-01.wav;happy
03-01-03-01-02-01-01.wav;happy
03-01-03-01-02-02-01.wav;happy
03-01-03-02-01-01-01.wav;happy
03-01-03-02-01-02-01.wav;happy
03-01-03-02-02-01-01.wav;happy
03-01-03-02-02-02-01.wav;happy
03-01-04-01-01-01-01.wav;sad
03-01-04-01-01-02-01.wav;sad
03-01-04-01-02-01-01.wav;sad
03-01-04-01-02-02-01.wav;sad
03-01-04-02-01-01-01.wav;sad
03-01-04-02-01-02-01.wav;sad
03-01-04-02-02-01-01.wav;sad
03-01-04-02-02-02-01.wav;sad
03-01-05-01-01-01-01.wav;angry
03-01-05-01-01-02-01.wav;angry
03-01-05-01-02-01-01.wav;angry
03-01-05-01-02-02-01.wav;angry
03-01-05-02-01-01-01.wav;angry
03-01-05-02-01-02-01.wav;angry
03-01-05-02-02-01-01.wav;angry
03-01-05-02-02-02-01.wav;angry
03-01-06-01-01-01-01.wav;fearful
03-01-06-01-01-02-01.wav;fearful
03-01-06-01-02-01-01.wav;fearful
03-01-06-01-02-02-01.wav;fearful
03-01-06-02-01-01-01.wav;fearful
03-01-06-02-01-02-01.wav;fearful
03-01-06-02-02-01-01.wav;fearful
03-01-06-02-02-02-01.wav;fearful
03-01-07-01-01-01-01.wav;disgust
03-01-07-01-01-02-01.wav;disgust
03-01-07-01-02-01-01.wav;disgust
03-01-07-01-02-02-01.wav;disgust
03-01-07-02-01-01-01.wav;disgust
03-01-07-02-01-02-01.wav;disgust
03-01-07-02-02-01-01.wav;disgust
03-01-07-02-02-02-01.wav;disgust
03-01-08-01-01-01-01.wav;surprised
03-01-08-01-01-02-01.wav;surprised
03-01-08-01-02-01-01.wav;surprised
03-01-08-01-02-02-01.wav;surprised
03-01-08-02-01-01-01.wav;surprised
03-01-08-02-01-02-01.wav;surprised
03-01-08-02-02-01-01.wav;surprised
03-01-08-02-02-02-01.wav;surprised
03-01-01-01-01-01-02.wav;neutral
03-01-01-01-01-02-02.wav;neutral
03-01-01-01-02-01-02.wav;neutral
03-01-01-01-02-02-02.wav;neutral
03-01-02-01-01-01-02.wav;calm
03-01-02-01-01-02-02.wav;calm
03-01-02-01-02-01-02.wav;calm
03-01-02-01-02-02-02.wav;calm
03-01-02-02-01-01-02.wav;calm
03-01-02-02-01-02-02.wav;calm
03-01-02-02-02-01-02.wav;calm
03-01-02-02-02-02-02.wav;calm
03-01-03-01-01-01-02.wav;happy
03-01-03-01-01-02-02.wav;happy
03-01-03-01-02-01-02.wav;happy
03-01-03-01-02-02-02.wav;happy
03-01-03-02-01-01-02.wav;happy
03-01-03-02-01-02-02.wav;happy
03-01-03-02-02-01-02.wav;happy
03-01-03-02-02-02-02.wav;happy
03-01-04-01-01-01-02.wav;sad
03-01-04-01-01-02-02.wav;sad
03-01-04-01-02-01-02.wav;sad
03-01-04-01-02-02-02.wav;sad
03-01-04-02-01-01-02.wav;sad
03-01-04-02-01-02-02.wav;sad
03-01-04-02-02-01-02.wav;sad
03-01-04-02-02-02-02.wav;sad
03-01-05-01-01-01-02.wav;angry
03-01-05-01-01-02-02.wav;angry
03-01-05-01-02-01-02.wav;angry
03-01-05-01-02-02-02.wav;angry
03-01-05-02-01-01-02.wav;angry
03-01-05-02-01-02-02.wav;angry
03-01-05-02-02-01-02.wav;angry
03-01-05-02-02-02-02.wav;angry
03-01-06-01-01-01-02.wav;fearful
03-01-06-01-01-02-02.wav;fearful
03-01-06-01-02-01-02.wav;fearful
03-01-06-01-02-02-02.wav;fearful
03-01-06-02-01-01-02.wav;fearful
03-01-06-02-01-02-02.wav;fearful
03-01-06-02-02-01-02.wav;fearful
03-01-06-02-02-02-02.wav;fearful
03-01-07-01-01-01-02.wav;disgust
03-01-07-01-01-02-02.wav;disgust
03-01-07-01-02-01-02.wav;disgust
03-01-07-01-02-02-02.wav;disgust
03-01-07-02-01-01-02.wav;disgust
03-01-07-02-01-02-02.wav;disgust
03-01-07-02-02-01-02.wav;disgust
03-01-07-02-02-02-02.wav;disgust
03-01-08-01-01-01-02.wav;surprised
03-01-08-01-01-02-02.wav;surprised
03-01-08-01-02-01-02.wav;surprised
03-01-08-01-02-02-02.wav;surprised
03-01-08-02-01-01-02.wav;surprised
03-01-08-02-01-02-02.wav;surprised
03-01-08-02-02-01-02.wav;surprised
03-01-08-02-02-02-02.wav;surprised
03-01-01-01-01-01-03.wav;neutral
03-01-01-01-01-02-03.wav;neutral
03-01-01-01-02-01-03.wav;neutral
03-01-01-01-02-02-03.wav;neutral
03-01-02-01-01-01-03.wav;calm
03-01-02-01-01-02-03.wav;calm
03-01-02-01-02-01-03.wav;calm
03-01-02-01-02-02-03.wav;calm
03-01-02-02-01-01-03.wav;calm
03-01-02-02-01-02-03.wav;calm
03-01-02-02-02-01-03.wav;calm
03-01-02-02-02-02-03.wav;calm
03-01-03-01-01-01-03.wav;happy
03-01-03-01-01-02-03.wav;happy
03-01-03-01-02-01-03.wav;happy
03-01-03-01-02-02-03.wav;happy
03-01-03-02-01-01-03.wav;happy
03-01-03-02-01-02-03.wav;happy
03-01-03-02-02-01-03.wav;happy
03-01-03-02-02-02-03.wav;happy
03-01-04-01-01-01-03.wav;sad
03-01-04-01-01-02-03.wav;sad
03-01-04-01-02-01-03.wav;sad
03-01-04-01-02-02-03.wav;sad
03-01-04-02-01-01-03.wav;sad
03-01-04-02-01-02-03.wav;sad
03-01-04-02-02-01-03.wav;sad
03-01-04-02-02-02-03.wav;sad
03-01-05-01-01-01-03.wav;angry
03-01-05-01-01-02-03.wav;angry
03-01-05-01-02-01-03.wav;angry
03-01-05-01-02-02-03.wav;angry
03-01-05-02-01-01-03.wav;angry
03-01-05-02-01-02-03.wav;angry
03-01-05-02-02-01-03.wav;angry
03-01-05-02-02-02-03.wav;angry
03-01-06-01-01-01-03.wav;fearful
03-01-06-01-01-02-03.wav;fearful
03-01-06-01-02-01-03.wav;fearful
03-01-06-01-02-02-03.wav;fearful
03-01-06-02-01-01-03.wav;fearful
03-01-06-02-01-02-03.wav;fearful
03-01-06-02-02-01-03.wav;fearful
03-01-06-02-02-02-03.wav;fearful
03-01-07-01-01-01-03.wav;disgust
03-01-07-01-01-02-03.wav;disgust
03-01-07-01-02-01-03.wav;disgust
03-01-07-01-02-02-03.wav;disgust
03-01-07-02-01-01-03.wav;disgust
03-01-07-02-01-02-03.wav;disgust
03-01-07-02-02-01-03.wav;disgust
03-01-07-02-02-02-03.wav;disgust
03-01-08-01-01-01-03.wav;surprised
03-01-08-01-01-02-03.wav;surprised
03-01-08-01-02-01-03.wav;surprised
03-01-08-01-02-02-03.wav;surprised
03-01-08-02-01-01-03.wav;surprised
03-01-08-02-01-02-03.wav;surprised
03-01-08-02-02-01-03.wav;surprised
03-01-08-02-02-02-03.wav;surprised
03-01-01-01-01-01-04.wav;neutral
03-01-01-01-01-02-04.wav;neutral
03-01-01-01-02-01-04.wav;neutral
03-01-01-01-02-02-04.wav;neutral
03-01-02-01-01-01-04.wav;calm
03-01-02-01-01-02-04.wav;calm
03-01-02-01-02-01-04.wav;calm
03-01-02-01-02-02-04.wav;calm
03-01-02-02-01-01-04.wav;calm
03-01-02-02-01-02-04.wav;calm
03-01-02-02-02-01-04.wav;calm
03-01-02-02-02-02-04.wav;calm
03-01-03-01-01-01-04.wav;happy
03-01-03-01-01-02-04.wav;happy
03-01-03-01-02-01-04.wav;happy
03-01-03-01-02-02-04.wav;happy
03-01-03-02-01-01-04.wav;happy
03-01-03-02-01-02-04.wav;happy
03-01-03-02-02-01-04.wav;happy
03-01-03-02-02-02-04.wav;happy
03-01-04-01-01-01-04.wav;sad
03-01-04-01-01-02-04.wav;sad
03-01-04-01-02-01-04.wav;sad
03-01-04-01-02-02-04.wav;sad
03-01-04-02-01-01-04.wav;sad
03-01-04-02-01-02-04.wav;sad
03-01-04-02-02-01-04.wav;sad
03-01-04-02-02-02-04.wav;sad
03-01-05-01-01-01-04.wav;angry
03-01-05-01-01-02-04.wav;angry
03-01-05-01-02-01-04.wav;angry
03-01-05-01-02-02-04.wav;angry
03-01-05-02-01-01-04.wav;angry
03-01-05-02-01-02-04.wav;angry
03-01-05-02-02-01-04.wav;angry
03-01-05-02-02-02-04.wav;angry
03-01-06-01-01-01-04.wav;fearful
03-01-06-01-01-02-04.wav;fearful
03-01-06-01-02-01-04.wav;fearful
03-01-06-01-02-02-04.wav;fearful
03-01-06-02-01-01-04.wav;fearful
03-01-06-02-01-02-04.wav;fearful
03-01-06-02-02-01-04.wav;fearful
03-01-06-02-02-02-04.wav;fearful
03-01-07-01-01-01-04.wav;disgust
03-01-07-01-01-02-04.wav;disgust
03-01-07-01-02-01-04.wav;disgust
03-01-07-01-02-02-04.wav;disgust
03-01-07-02-01-01-04.wav;disgust
03-01-07-02-01-02-04.wav;disgust
03-01-07-02-02-01-04.wav;disgust
03-01-07-02-02-02-04.wav;disgust
03-01-08-01-01-01-04.wav;surprised
03-01-08-01-01-02-04.wav;surprised
03-01-08-01-02-01-04.wav;surprised
03-01-08-01-02-02-04.wav;surprised
03-01-08-02-01-01-04.wav;surprised
03-01-08-02-01-02-04.wav;surprised
03-01-08-02-02-01-04.wav;surprised
03-01-08-02-02-02-04.wav;surprised
03-01-01-01-01-01-05.wav;neutral
03-01-01-01-01-02-05.wav;neutral
03-01-01-01-02-01-05.wav;neutral
03-01-01-01-02-02-05.wav;neutral
03-01-02-01-01-01-05.wav;calm
03-01-02-01-01-02-05.wav;calm
03-01-02-01-02-01-05.wav;calm
03-01-02-01-02-02-05.wav;calm
03-01-02-02-01-01-05.wav;calm
03-01-02-02-01-02-05.wav;calm
03-01-02-02-02-01-05.wav;calm
03-01-02-02-02-02-05.wav;calm
03-01-03-01-01-01-05.wav;happy
03-01-03-01-01-02-05.wav;happy
03-01-03-01-02-01-05.wav;happy
03-01-03-01-02-02-05.wav;happy
03-01-03-02-01-01-05.wav;happy
03-01-03-02-01-02-05.wav;happy
03-01-03-02-02-01-05.wav;happy
03-01-03-02-02-02-05.wav;happy
03-01-04-01-01-01-05.wav;sad
03-01-04-01-01-02-05.wav;sad
03-01-04-01-02-01-05.wav;sad
03-01-04-01-02-02-05.wav;sad
03-01-04-02-01-01-05.wav;sad
03-01-04-02-01-02-05.wav;sad
03-01-04-02-02-01-05.wav;sad
03-01-04-02-02-02-05.wav;sad
03-01-05-01-01-01-05.wav;angry
03-01-05-01-01-02-05.wav;angry
03-01-05-01-02-01-05.wav;angry
03-01-05-01-02-02-05.wav;angry
03-01-05-02-01-01-05.wav;angry
03-01-05-02-01-02-05.wav;angry
03-01-05-02-02-01-05.wav;angry
03-01-05-02-02-02-05.wav;angry
03-01-06-01-01-01-05.wav;fearful
03-01-06-01-01-02-05.wav;fearful
03-01-06-01-02-01-05.wav;fearful
03-01-06-01-02-02-05.wav;fearful
03-01-06-02-01-01-05.wav;fearful
03-01-06-02-01-02-05.wav;fearful
03-01-06-02-02-01-05.wav;fearful
03-01-06-02-02-02-05.wav;fearful
03-01-07-01-01-01-05.wav;disgust
03-01-07-01-01-02-05.wav;disgust
03-01-07-01-02-01-05.wav;disgust
03-01-07-01-02-02-05.wav;disgust
03-01-07-02-01-01-05.wav;disgust
03-01-07-02-01-02-05.wav;disgust
03-01-07-02-02-01-05.wav;disgust
03-01-07-02-02-02-05.wav;disgust
03-01-08-01-01-01-05.wav;surprised
03-01-08-01-01-02-05.wav;surprised
03-01-08-01-02-01-05.wav;surprised
03-01-08-01-02-02-05.wav;surprised
03-01-08-02-01-01-05.wav;surprised
03-01-08-02-01-02-05.wav;surprised
03-01-08-02-02-01-05.wav;surprised
03-01-08-02-02-02-05.wav;surprised
03-01-01-01-01-01-06.wav;neutral
03-01-01-01-01-02-06.wav;neutral
03-01-01-01-02-01-06.wav;neutral
03-01-01-01-02-02-06.wav;neutral
03-01-02-01-01-01-06.wav;calm
03-01-02-01-01-02-06.wav;calm
03-01-02-01-02-01-06.wav;calm
03-01-02-01-02-02-06.wav;calm
03-01-02-02-01-01-06.wav;calm
03-01-02-02-01-02-06.wav;calm
03-01-02-02-02-01-06.wav;calm
03-01-02-02-02-02-06.wav;calm
03-01-03-01-01-01-06.wav;happy
03-01-03-01-01-02-06.wav;happy
03-01-03-01-02-01-06.wav;happy
03-01-03-01-02-02-06.wav;happy
03-01-03-02-01-01-06.wav;happy
03-01-03-02-01-02-06.wav;happy
03-01-03-02-02-01-06.wav;happy
03-01-03-02-02-02-06.wav;happy
03-01-04-01-01-01-06.wav;sad
03-01-04-01-01-02-06.wav;sad
03-01-04-01-02-01-06.wav;sad
03-01-04-01-02-02-06.wav;sad
03-01-04-02-01-01-06.wav;sad
03-01-04-02-01-02-06.wav;sad
03-01-04-02-02-01-06.wav;sad
03-01-04-02-02-02-06.wav;sad
03-01-05-01-01-01-06.wav;angry
03-01-05-01-01-02-06.wav;angry
03-01-05-01-02-01-06.wav;angry
03-01-05-01-02-02-06.wav;angry
03-01-05-02-01-01-06.wav;angry
03-01-05-02-01-02-06.wav;angry
03-01-05-02-02-01-06.wav;angry
03-01-05-02-02-02-06.wav;angry
03-01-06-01-01-01-06.wav;fearful
03-01-06-01-01-02-06.wav;fearful
03-01-06-01-02-01-06.wav;fearful
03-01-06-01-02-02-06.wav;fearful
03-01-06-02-01-01-06.wav;fearful
03-01-06-02-01-02-06.wav;fearful
03-01-06-02-02-01-06.wav;fearful
03-01-06-02-02-02-06.wav;fearful
03-01-07-01-01-01-06.wav;disgust
03-01-07-01-01-02-06.wav;disgust
03-01-07-01-02-01-06.wav;disgust
03-01-07-01-02-02-06.wav;disgust
03-01-07-02-01-01-06.wav;disgust
03-01-07-02-01-02-06.wav;disgust
03-01-07-02-02-01-06.wav;disgust
03-01-07-02-02-02-06.wav;disgust
03-01-08-01-01-01-06.wav;surprised
03-01-08-01-01-02-06.wav;surprised
03-01-08-01-02-01-06.wav;surprised
03-01-08-01-02-02-06.wav;surprised
03-01-08-02-01-01-06.wav;surprised
03-01-08-02-01-02-06.wav;surprised
03-01-08-02-02-01-06.wav;surprised
03-01-08-02-02-02-06.wav;surprised
03-01-01-01-01-01-07.wav;neutral
03-01-01-01-01-02-07.wav;neutral
03-01-01-01-02-01-07.wav;neutral
03-01-01-01-02-02-07.wav;neutral
03-01-02-01-01-01-07.wav;calm
03-01-02-01-01-02-07.wav;calm
03-01-02-01-02-01-07.wav;calm
03-01-02-01-02-02-07.wav;calm
03-01-02-02-01-01-07.wav;calm
03-01-02-02-01-02-07.wav;calm
03-01-02-02-02-01-07.wav;calm
03-01-02-02-02-02-07.wav;calm
03-01-03-01-01-01-07.wav;happy
03-01-03-01-01-02-07.wav;happy
03-01-03-01-02-01-07.wav;happy
03-01-03-01-02-02-07.wav;happy
03-01-03-02-01-01-07.wav;happy
03-01-03-02-01-02-07.wav;happy
03-01-03-02-02-01-07.wav;happy
03-01-03-02-02-02-07.wav;happy
03-01-04-01-01-01-07.wav;sad
03-01-04-01-01-02-07.wav;sad
03-01-04-01-02-01-07.wav;sad
03-01-04-01-02-02-07.wav;sad
03-01-04-02-01-01-07.wav;sad
03-01-04-02-01-02-07.wav;sad
03-01-04-02-02-01-07.wav;sad
03-01-04-02-02-02-07.wav;sad
03-01-05-01-01-01-07.wav;angry
03-01-05-01-01-02-07.wav;angry
03-01-05-01-02-01-07.wav;angry
03-01-05-01-02-02-07.wav;angry
03-01-05-02-01-01-07.wav;angry
03-01-05-02-01-02-07.wav;angry
03-01-05-02-02-01-07.wav;angry
03-01-05-02-02-02-07.wav;angry
03-01-06-01-01-01-07.wav;fearful
03-01-06-01-01-02-07.wav;fearful
03-01-06-01-02-01-07.wav;fearful
03-01-06-01-02-02-07.wav;fearful
03-01-06-02-01-01-07.wav;fearful
03-01-06-02-01-02-07.wav;fearful
03-01-06-02-02-01-07.wav;fearful
03-01-06-02-02-02-07.wav;fearful
03-01-07-01-01-01-07.wav;disgust
03-01-07-01-01-02-07.wav;disgust
03-01-07-01-02-01-07.wav;disgust
03-01-07-01-02-02-07.wav;disgust
03-01-07-02-01-01-07.wav;disgust
03-01-07-02-01-02-07.wav;disgust
03-01-07-02-02-01-07.wav;disgust
03-01-07-02-02-02-07.wav;disgust
03-01-08-01-01-01-07.wav;surprised
03-01-08-01-01-02-07.wav;surprised
03-01-08-01-02-01-07.wav;surprised
03-01-08-01-02-02-07.wav;surprised
03-01-08-02-01-01-07.wav;surprised
03-01-08-02-01-02-07.wav;surprised
03-01-08-02-02-01-07.wav;surprised
03-01-08-02-02-02-07.wav;surprised
03-01-01-01-01-01-08.wav;neutral
03-01-01-01-01-02-08.wav;neutral
03-01-01-01-02-01-08.wav;neutral
03-01-01-01-02-02-08.wav;neutral
03-01-02-01-01-01-08.wav;calm
03-01-02-01-01-02-08.wav;calm
03-01-02-01-02-01-08.wav;calm
03-01-02-01-02-02-08.wav;calm
03-01-02-02-01-01-08.wav;calm
03-01-02-02-01-02-08.wav;calm
03-01-02-02-02-01-08.wav;calm
03-01-02-02-02-02-08.wav;calm
03-01-03-01-01-01-08.wav;happy
03-01-03-01-01-02-08.wav;happy
03-01-03-01-02-01-08.wav;happy
03-01-03-01-02-02-08.wav;happy
03-01-03-02-01-01-08.wav;happy
03-01-03-02-01-02-08.wav;happy
03-01-03-02-02-01-08.wav;happy
03-01-03-02-02-02-08.wav;happy
03-01-04-01-01-01-08.wav;sad
03-01-04-01-01-02-08.wav;sad
03-01-04-01-02-01-08.wav;sad
03-01-04-01-02-02-08.wav;sad
03-01-04-02-01-01-08.wav;sad
03-01-04-02-01-02-08.wav;sad
03-01-04-02-02-01-08.wav;sad
03-01-04-02-02-02-08.wav;sad
03-01-05-01-01-01-08.wav;angry
03-01-05-01-01-02-08.wav;angry
03-01-05-01-02-01-08.wav;angry
03-01-05-01-02-02-08.wav;angry
03-01-05-02-01-01-08.wav;angry
03-01-05-02-01-02-08.wav;angry
03-01-05-02-02-01-08.wav;angry
03-01-05-02-02-02-08.wav;angry
03-01-06-01-01-01-08.wav;fearful
03-01-06-01-01-02-08.wav;fearful
03-01-06-01-02-01-08.wav;fearful
03-01-06-01-02-02-08.wav;fearful
03-01-06-02-01-01-08.wav;fearful
03-01-06-02-01-02-08.wav;fearful
03-01-06-02-02-01-08.wav;fearful
03-01-06-02-02-02-08.wav;fearful
03-01-07-01-01-01-08.wav;disgust
03-01-07-01-01-02-08.wav;disgust
03-01-07-01-02-01-08.wav;disgust
03-01-07-01-02-02-08.wav;disgust
03-01-07-02-01-01-08.wav;disgust
03-01-07-02-01-02-08.wav;disgust
03-01-07-02-02-01-08.wav;disgust
03-01-07-02-02-02-08.wav;disgust
03-01-08-01-01-01-08.wav;surprised
03-01-08-01-01-02-08.wav;surprised
03-01-08-01-02-01-08.wav;surprised
03-01-08-01-02-02-08.wav;surprised
03-01-08-02-01-01-08.wav;surprised
03-01-08-02-01-02-08.wav;surprised
03-01-08-02-02-01-08.wav;surprised
03-01-08-02-02-02-08.wav;surprised
03-01-01-01-01-01-09.wav;neutral
03-01-01-01-01-02-09.wav;neutral
03-01-01-01-02-01-09.wav;neutral
03-01-01-01-02-02-09.wav;neutral
03-01-02-01-01-01-09.wav;calm
03-01-02-01-01-02-09.wav;calm
03-01-02-01-02-01-09.wav;calm
03-01-02-01-02-02-09.wav;calm
03-01-02-02-01-01-09.wav;calm
03-01-02-02-01-02-09.wav;calm
03-01-02-02-02-01-09.wav;calm
03-01-02-02-02-02-09.wav;calm
03-01-03-01-01-01-09.wav;happy
03-01-03-01-01-02-09.wav;happy
03-01-03-01-02-01-09.wav;happy
03-01-03-01-02-02-09.wav;happy
03-01-03-02-01-01-09.wav;happy
03-01-03-02-01-02-09.wav;happy
03-01-03-02-02-01-09.wav;happy
03-01-03-02-02-02-09.wav;happy
03-01-04-01-01-01-09.wav;sad
03-01-04-01-01-02-09.wav;sad
03-01-04-01-02-01-09.wav;sad
03-01-04-01-02-02-09.wav;sad
03-01-04-02-01-01-09.wav;sad
03-01-04-02-01-02-09.wav;sad
03-01-04-02-02-01-09.wav;sad
03-01-04-02-02-02-09.wav;sad
03-01-05-01-01-01-09.wav;angry
03-01-05-01-01-02-09.wav;angry
03-01-05-01-02-01-09.wav;angry
03-01-05-01-02-02-09.wav;angry
03-01-05-02-01-01-09.wav;angry
03-01-05-02-01-02-09.wav;angry
03-01-05-02-02-01-09.wav;angry
03-01-05-02-02-02-09.wav;angry
03-01-06-01-01-01-09.wav;fearful
03-01-06-01-01-02-09.wav;fearful
03-01-06-01-02-01-09.wav;fearful
03-01-06-01-02-02-09.wav;fearful
03-01-06-02-01-01-09.wav;fearful
03-01-06-02-01-02-09.wav;fearful
03-01-06-02-02-01-09.wav;fearful
03-01-06-02-02-02-09.wav;fearful
03-01-07-01-01-01-09.wav;disgust
03-01-07-01-01-02-09.wav;disgust
03-01-07-01-02-01-09.wav;disgust
03-01-07-01-02-02-09.wav;disgust
03-01-07-02-01-01-09.wav;disgust
03-01-07-02-01-02-09.wav;disgust
03-01-07-02-02-01-09.wav;disgust
03-01-07-02-02-02-09.wav;disgust
03-01-08-01-01-01-09.wav;surprised
03-01-08-01-01-02-09.wav;surprised
03-01-08-01-02-01-09.wav;surprised
03-01-08-01-02-02-09.wav;surprised
03-01-08-02-01-01-09.wav;surprised
03-01-08-02-01-02-09.wav;surprised
03-01-08-02-02-01-09.wav;surprised
03-01-08-02-02-02-09.wav;surprised
03-01-01-01-01-01-10.wav;neutral
03-01-01-01-01-02-10.wav;neutral
03-01-01-01-02-01-10.wav;neutral
03-01-01-01-02-02-10.wav;neutral
03-01-02-01-01-01-10.wav;calm
03-01-02-01-01-02-10.wav;calm
03-01-02-01-02-01-10.wav;calm
03-01-02-01-02-02-10.wav;calm
03-01-02-02-01-01-10.wav;calm
03-01-02-02-01-02-10.wav;calm
03-01-02-02-02-01-10.wav;calm
03-01-02-02-02-02-10.wav;calm
03-01-03-01-01-01-10.wav;happy
03-01-03-01-01-02-10.wav;happy
03-01-03-01-02-01-10.wav;happy
03-01-03-01-02-02-10.wav;happy
03-01-03-02-01-01-10.wav;happy
03-01-03-02-01-02-10.wav;happy
03-01-03-02-02-01-10.wav;happy
03-01-03-02-02-02-10.wav;happy
03-01-04-01-01-01-10.wav;sad
03-01-04-01-01-02-10.wav;sad
03-01-04-01-02-01-10.wav;sad
03-01-04-01-02-02-10.wav;sad
03-01-04-02-01-01-10.wav;sad
03-01-04-02-01-02-10.wav;sad
03-01-04-02-02-01-10.wav;sad
03-01-04-02-02-02-10.wav;sad
03-01-05-01-01-01-10.wav;angry
03-01-05-01-01-02-10.wav;angry
03-01-05-01-02-01-10.wav;angry
03-01-05-01-02-02-10.wav;angry
03-01-05-02-01-01-10.wav;angry
03-01-05-02-01-02-10.wav;angry
03-01-05-02-02-01-10.wav;angry
03-01-05-02-02-02-10.wav;angry
03-01-06-01-01-01-10.wav;fearful
03-01-06-01-01-02-10.wav;fearful
03-01-06-01-02-01-10.wav;fearful
03-01-06-01-02-02-10.wav;fearful
03-01-06-02-01-01-10.wav;fearful
03-01-06-02-01-02-10.wav;fearful
03-01-06-02-02-01-10.wav;fearful
03-01-06-02-02-02-10.wav;fearful
03-01-07-01-01-01-10.wav;disgust
03-01-07-01-01-02-10.wav;disgust
03-01-07-01-02-01-10.wav;disgust
03-01-07-01-02-02-10.wav;disgust
03-01-07-02-01-01-10.wav;disgust
03-01-07-02-01-02-10.wav;disgust
03-01-07-02-02-01-10.wav;disgust
03-01-07-02-02-02-10.wav;disgust
03-01-08-01-01-01-10.wav;surprised
03-01-08-01-01-02-10.wav;surprised
03-01-08-01-02-01-10.wav;surprised
03-01-08-01-02-02-10.wav;surprised
03-01-08-02-01-01-10.wav;surprised
03-01-08-02-01-02-10.wav;surprised
03-01-08-02-02-01-10.wav;surprised
03-01-08-02-02-02-10.wav;surprised
03-01-01-01-01-01-11.wav;neutral
03-01-01-01-01-02-11.wav;neutral
03-01-01-01-02-01-11.wav;neutral
03-01-01-01-02-02-11.wav;neutral
03-01-02-01-01-01-11.wav;calm
03-01-02-01-01-02-11.wav;calm
03-01-02-01-02-01-11.wav;calm
03-01-02-01-02-02-11.wav;calm
03-01-02-02-01-01-11.wav;calm
03-01-02-02-01-02-11.wav;calm
03-01-02-02-02-01-11.wav;calm
03-01-02-02-02-02-11.wav;calm
03-01-03-01-01-01-11.wav;happy
03-01-03-01-01-02-11.wav;happy
03-01-03-01-02-01-11.wav;happy
03-01-03-01-02-02-11.wav;happy
03-01-03-02-01-01-11.wav;happy
03-01-03-02-01-02-11.wav;happy
03-01-03-02-02-01-11.wav;happy
03-01-03-02-02-02-11.wav;happy
03-01-04-01-01-01-11.wav;sad
03-01-04-01-01-02-11.wav;sad
03-01-04-01-02-01-11.wav;sad
03-01-04-01-02-02-11.wav;sad
03-01-04-02-01-01-11.wav;sad
03-01-04-02-01-02-11.wav;sad
03-01-04-02-02-01-11.wav;sad
03-01-04-02-02-02-11.wav;sad
03-01-05-01-01-01-11.wav;angry
03-01-05-01-01-02-11.wav;angry
03-01-05-01-02-01-11.wav;angry
03-01-05-01-02-02-11.wav;angry
03-01-05-02-01-01-11.wav;angry
03-01-05-02-01-02-11.wav;angry
03-01-05-02-02-01-11.wav;angry
03-01-05-02-02-02-11.wav;angry
03-01-06-01-01-01-11.wav;fearful
03-01-06-01-01-02-11.wav;fearful
03-01-06-01-02-01-11.wav;fearful
03-01-06-01-02-02-11.wav;fearful
03-01-06-02-01-01-11.wav;fearful
03-01-06-02-01-02-11.wav;fearful
03-01-06-02-02-01-11.wav;fearful
03-01-06-02-02-02-11.wav;fearful
03-01-07-01-01-01-11.wav;disgust
03-01-07-01-01-02-11.wav;disgust
03-01-07-01-02-01-11.wav;disgust
03-01-07-01-02-02-11.wav;disgust
03-01-07-02-01-01-11.wav;disgust
03-01-07-02-01-02-11.wav;disgust
03-01-07-02-02-01-11.wav;disgust
03-01-07-02-02-02-11.wav;disgust
03-01-08-01-01-01-11.wav;surprised
03-01-08-01-01-02-11.wav;surprised
03-01-08-01-02-01-11.wav;surprised
03-01-08-01-02-02-11.wav;surprised
03-01-08-02-01-01-11.wav;surprised
03-01-08-02-01-02-11.wav;surprised
03-01-08-02-02-01-11.wav;surprised
03-01-08-02-02-02-11.wav;surprised
03-01-01-01-01-01-12.wav;neutral
03-01-01-01-01-02-12.wav;neutral
03-01-01-01-02-01-12.wav;neutral
03-01-01-01-02-02-12.wav;neutral
03-01-02-01-01-01-12.wav;calm
03-01-02-01-01-02-12.wav;calm
03-01-02-01-02-01-12.wav;calm
03-01-02-01-02-02-12.wav;calm
03-01-02-02-01-01-12.wav;calm
03-01-02-02-01-02-12.wav;calm
03-01-02-02-02-01-12.wav;calm
03-01-02-02-02-02-12.wav;calm
03-01-03-01-01-01-12.wav;happy
03-01-03-01-01-02-12.wav;happy
03-01-03-01-02-01-12.wav;happy
03-01-03-01-02-02-12.wav;happy
03-01-03-02-01-01-12.wav;happy
03-01-03-02-01-02-12.wav;happy
03-01-03-02-02-01-12.wav;happy
03-01-03-02-02-02-12.wav;happy
03-01-04-01-01-01-12.wav;sad
03-01-04-01-01-02-12.wav;sad
03-01-04-01-02-01-12.wav;sad
03-01-04-01-02-02-12.wav;sad
03-01-04-02-01-01-12.wav;sad
03-01-04-02-01-02-12.wav;sad
03-01-04-02-02-01-12.wav;sad
03-01-04-02-02-02-12.wav;sad
03-01-05-01-01-01-12.wav;angry
03-01-05-01-01-02-12.wav;angry
03-01-05-01-02-01-12.wav;angry
03-01-05-01-02-02-12.wav;angry
03-01-05-02-01-01-12.wav;angry
03-01-05-02-01-02-12.wav;angry
03-01-05-02-02-01-12.wav;angry
03-01-05-02-02-02-12.wav;angry
03-01-06-01-01-01-12.wav;fearful
03-01-06-01-01-02-12.wav;fearful
03-01-06-01-02-01-12.wav;fearful
03-01-06-01-02-02-12.wav;fearful
03-01-06-02-01-01-12.wav;fearful
03-01-06-02-01-02-12.wav;fearful
03-01-06-02-02-01-12.wav;fearful
03-01-06-02-02-02-12.wav;fearful
03-01-07-01-01-01-12.wav;disgust
03-01-07-01-01-02-12.wav;disgust
03-01-07-01-02-01-12.wav;disgust
03-01-07-01-02-02-12.wav;disgust
03-01-07-02-01-01-12.wav;disgust
03-01-07-02-01-02-12.wav;disgust
03-01-07-02-02-01-12.wav;disgust
03-01-07-02-02-02-12.wav;disgust
03-01-08-01-01-01-12.wav;surprised
03-01-08-01-01-02-12.wav;surprised
03-01-08-01-02-01-12.wav;surprised
03-01-08-01-02-02-12.wav;surprised
03-01-08-02-01-01-12.wav;surprised
03-01-08-02-01-02-12.wav;surprised
03-01-08-02-02-01-12.wav;surprised
03-01-08-02-02-02-12.wav;surprised
03-01-01-01-01-01-13.wav;neutral
03-01-01-01-01-02-13.wav;neutral
03-01-01-01-02-01-13.wav;neutral
03-01-01-01-02-02-13.wav;neutral
03-01-02-01-01-01-13.wav;calm
03-01-02-01-01-02-13.wav;calm
03-01-02-01-02-01-13.wav;calm
03-01-02-01-02-02-13.wav;calm
03-01-02-02-01-01-13.wav;calm
03-01-02-02-01-02-13.wav;calm
03-01-02-02-02-01-13.wav;calm
03-01-02-02-02-02-13.wav;calm
03-01-03-01-01-01-13.wav;happy
03-01-03-01-01-02-13.wav;happy
03-01-03-01-02-01-13.wav;happy
03-01-03-01-02-02-13.wav;happy
03-01-03-02-01-01-13.wav;happy
03-01-03-02-01-02-13.wav;happy
03-01-03-02-02-01-13.wav;happy
03-01-03-02-02-02-13.wav;happy
03-01-04-01-01-01-13.wav;sad
03-01-04-01-01-02-13.wav;sad
03-01-04-01-02-01-13.wav;sad
03-01-04-01-02-02-13.wav;sad
03-01-04-02-01-01-13.wav;sad
03-01-04-02-01-02-13.wav;sad
03-01-04-02-02-01-13.wav;sad
03-01-04-02-02-02-13.wav;sad
03-01-05-01-01-01-13.wav;angry
03-01-05-01-01-02-13.wav;angry
03-01-05-01-02-01-13.wav;angry
03-01-05-01-02-02-13.wav;angry
03-01-05-02-01-01-13.wav;angry
03-01-05-02-01-02-13.wav;angry
03-01-05-02-02-01-13.wav;angry
03-01-05-02-02-02-13.wav;angry
03-01-06-01-01-01-13.wav;fearful
03-01-06-01-01-02-13.wav;fearful
03-01-06-01-02-01-13.wav;fearful
03-01-06-01-02-02-13.wav;fearful
03-01-06-02-01-01-13.wav;fearful
03-01-06-02-01-02-13.wav;fearful
03-01-06-02-02-01-13.wav;fearful
03-01-06-02-02-02-13.wav;fearful
03-01-07-01-01-01-13.wav;disgust
03-01-07-01-01-02-13.wav;disgust
03-01-07-01-02-01-13.wav;disgust
03-01-07-01-02-02-13.wav;disgust
03-01-07-02-01-01-13.wav;disgust
03-01-07-02-01-02-13.wav;disgust
03-01-07-02-02-01-13.wav;disgust
03-01-07-02-02-02-13.wav;disgust
03-01-08-01-01-01-13.wav;surprised
03-01-08-01-01-02-13.wav;surprised
03-01-08-01-02-01-13.wav;surprised
03-01-08-01-02-02-13.wav;surprised
03-01-08-02-01-01-13.wav;surprised
03-01-08-02-01-02-13.wav;surprised
03-01-08-02-02-01-13.wav;surprised
03-01-08-02-02-02-13.wav;surprised
03-01-01-01-01-01-14.wav;neutral
03-01-01-01-01-02-14.wav;neutral
03-01-01-01-02-01-14.wav;neutral
03-01-01-01-02-02-14.wav;neutral
03-01-02-01-01-01-14.wav;calm
03-01-02-01-01-02-14.wav;calm
03-01-02-01-02-01-14.wav;calm
03-01-02-01-02-02-14.wav;calm
03-01-02-02-01-01-14.wav;calm
03-01-02-02-01-02-14.wav;calm
03-01-02-02-02-01-14.wav;calm
03-01-02-02-02-02-14.wav;calm
03-01-03-01-01-01-14.wav;happy
03-01-03-01-01-02-14.wav;happy
03-01-03-01-02-01-14.wav;happy
03-01-03-01-02-02-14.wav;happy
03-01-03-02-01-01-14.wav;happy
03-01-03-02-01-02-14.wav;happy
03-01-03-02-02-01-14.wav;happy
03-01-03-02-02-02-14.wav;happy
03-01-04-01-01-01-14.wav;sad
03-01-04-01-01-02-14.wav;sad
03-01-04-01-02-01-14.wav;sad
03-01-04-01-02-02-14.wav;sad
03-01-04-02-01-01-14.wav;sad
03-01-04-02-01-02-14.wav;sad
03-01-04-02-02-01-14.wav;sad
03-01-04-02-02-02-14.wav;sad
03-01-05-01-01-01-14.wav;angry
03-01-05-01-01-02-14.wav;angry
03-01-05-01-02-01-14.wav;angry
03-01-05-01-02-02-14.wav;angry
03-01-05-02-01-01-14.wav;angry
03-01-05-02-01-02-14.wav;angry
03-01-05-02-02-01-14.wav;angry
03-01-05-02-02-02-14.wav;angry
03-01-06-01-01-01-14.wav;fearful
03-01-06-01-01-02-14.wav;fearful
03-01-06-01-02-01-14.wav;fearful
03-01-06-01-02-02-14.wav;fearful
03-01-06-02-01-01-14.wav;fearful
03-01-06-02-01-02-14.wav;fearful
03-01-06-02-02-01-14.wav;fearful
03-01-06-02-02-02-14.wav;fearful
03-01-07-01-01-01-14.wav;disgust
03-01-07-01-01-02-14.wav;disgust
03-01-07-01-02-01-14.wav;disgust
03-01-07-01-02-02-14.wav;disgust
03-01-07-02-01-01-14.wav;disgust
03-01-07-02-01-02-14.wav;disgust
03-01-07-02-02-01-14.wav;disgust
03-01-07-02-02-02-14.wav;disgust
03-01-08-01-01-01-14.wav;surprised
03-01-08-01-01-02-14.wav;surprised
03-01-08-01-02-01-14.wav;surprised
03-01-08-01-02-02-14.wav;surprised
03-01-08-02-01-01-14.wav;surprised
03-01-08-02-01-02-14.wav;surprised
03-01-08-02-02-01-14.wav;surprised
03-01-08-02-02-02-14.wav;surprised
03-01-01-01-01-01-15.wav;neutral
03-01-01-01-01-02-15.wav;neutral
03-01-01-01-02-01-15.wav;neutral
03-01-01-01-02-02-15.wav;neutral
03-01-02-01-01-01-15.wav;calm
03-01-02-01-01-02-15.wav;calm
03-01-02-01-02-01-15.wav;calm
03-01-02-01-02-02-15.wav;calm
03-01-02-02-01-01-15.wav;calm
03-01-02-02-01-02-15.wav;calm
03-01-02-02-02-01-15.wav;calm
03-01-02-02-02-02-15.wav;calm
03-01-03-01-01-01-15.wav;happy
03-01-03-01-01-02-15.wav;happy
03-01-03-01-02-01-15.wav;happy
03-01-03-01-02-02-15.wav;happy
03-01-03-02-01-01-15.wav;happy
03-01-03-02-01-02-15.wav;happy
03-01-03-02-02-01-15.wav;happy
03-01-03-02-02-02-15.wav;happy
03-01-04-01-01-01-15.wav;sad
03-01-04-01-01-02-15.wav;sad
03-01-04-01-02-01-15.wav;sad
03-01-04-01-02-02-15.wav;sad
03-01-04-02-01-01-15.wav;sad
03-01-04-02-01-02-15.wav;sad
03-01-04-02-02-01-15.wav;sad
03-01-04-02-02-02-15.wav;sad
03-01-05-01-01-01-15.wav;angry
03-01-05-01-01-02-15.wav;angry
03-01-05-01-02-01-15.wav;angry
03-01-05-01-02-02-15.wav;angry
03-01-05-02-01-01-15.wav;angry
03-01-05-02-01-02-15.wav;angry
03-01-05-02-02-01-15.wav;angry
03-01-05-02-02-02-15.wav;angry
03-01-06-01-01-01-15.wav;fearful
03-01-06-01-01-02-15.wav;fearful
03-01-06-01-02-01-15.wav;fearful
03-01-06-01-02-02-15.wav;fearful
03-01-06-02-01-01-15.wav;fearful
03-01-06-02-01-02-15.wav;fearful
03-01-06-02-02-01-15.wav;fearful
03-01-06-02-02-02-15.wav;fearful
03-01-07-01-01-01-15.wav;disgust
03-01-07-01-01-02-15.wav;disgust
03-01-07-01-02-01-15.wav;disgust
03-01-07-01-02-02-15.wav;disgust
03-01-07-02-01-01-15.wav;disgust
03-01-07-02-01-02-15.wav;disgust
03-01-07-02-02-01-15.wav;disgust
03-01-07-02-02-02-15.wav;disgust
03-01-08-01-01-01-15.wav;surprised
03-01-08-01-01-02-15.wav;surprised
03-01-08-01-02-01-15.wav;surprised
03-01-08-01-02-02-15.wav;surprised
03-01-08-02-01-01-15.wav;surprised
03-01-08-02-01-02-15.wav;surprised
03-01-08-02-02-01-15.wav;surprised
03-01-08-02-02-02-15.wav;surprised
03-01-01-01-01-01-16.wav;neutral
03-01-01-01-01-02-16.wav;neutral
03-01-01-01-02-01-16.wav;neutral
03-01-01-01-02-02-16.wav;neutral
03-01-02-01-01-01-16.wav;calm
03-01-02-01-01-02-16.wav;calm
03-01-02-01-02-01-16.wav;calm
03-01-02-01-02-02-16.wav;calm
03-01-02-02-01-01-16.wav;calm
03-01-02-02-01-02-16.wav;calm
03-01-02-02-02-01-16.wav;calm
03-01-02-02-02-02-16.wav;calm
03-01-03-01-01-01-16.wav;happy
03-01-03-01-01-02-16.wav;happy
03-01-03-01-02-01-16.wav;happy
03-01-03-01-02-02-16.wav;happy
03-01-03-02-01-01-16.wav;happy
03-01-03-02-01-02-16.wav;happy
03-01-03-02-02-01-16.wav;happy
03-01-03-02-02-02-16.wav;happy
03-01-04-01-01-01-16.wav;sad
03-01-04-01-01-02-16.wav;sad
03-01-04-01-02-01-16.wav;sad
03-01-04-01-02-02-16.wav;sad
03-01-04-02-01-01-16.wav;sad
03-01-04-02-01-02-16.wav;sad
03-01-04-02-02-01-16.wav;sad
03-01-04-02-02-02-16.wav;sad
03-01-05-01-01-01-16.wav;angry
03-01-05-01-01-02-16.wav;angry
03-01-05-01-02-01-16.wav;angry
03-01-05-01-02-02-16.wav;angry
03-01-05-02-01-01-16.wav;angry
03-01-05-02-01-02-16.wav;angry
03-01-05-02-02-01-16.wav;angry
03-01-05-02-02-02-16.wav;angry
03-01-06-01-01-01-16.wav;fearful
03-01-06-01-01-02-16.wav;fearful
03-01-06-01-02-01-16.wav;fearful
03-01-06-01-02-02-16.wav;fearful
03-01-06-02-01-01-16.wav;fearful
03-01-06-02-01-02-16.wav;fearful
03-01-06-02-02-01-16.wav;fearful
03-01-06-02-02-02-16.wav;fearful
03-01-07-01-01-01-16.wav;disgust
03-01-07-01-01-02-16.wav;disgust
03-01-07-01-02-01-16.wav;disgust
03-01-07-01-02-02-16.wav;disgust
03-01-07-02-01-01-16.wav;disgust
03-01-07-02-01-02-16.wav;disgust
03-01-07-02-02-01-16.wav;disgust
03-01-07-02-02-02-16.wav;disgust
03-01-08-01-01-01-16.wav;surprised
03-01-08-01-01-02-16.wav;surprised
03-01-08-01-02-01-16.wav;surprised
03-01-08-01-02-02-16.wav;surprised
03-01-08-02-01-01-16.wav;surprised
03-01-08-02-01-02-16.wav;surprised
03-01-08-02-02-01-16.wav;surprised
03-01-08-02-02-02-16.wav;surprised
03-01-01-01-01-01-17.wav;neutral
03-01-01-01-01-02-17.wav;neutral
03-01-01-01-02-01-17.wav;neutral
03-01-01-01-02-02-17.wav;neutral
03-01-02-01-01-01-17.wav;calm
03-01-02-01-01-02-17.wav;calm
03-01-02-01-02-01-17.wav;calm
03-01-02-01-02-02-17.wav;calm
03-01-02-02-01-01-17.wav;calm
03-01-02-02-01-02-17.wav;calm
03-01-02-02-02-01-17.wav;calm
03-01-02-02-02-02-17.wav;calm
03-01-03-01-01-01-17.wav;happy
03-01-03-01-01-02-17.wav;happy
03-01-03-01-02-01-17.wav;happy
03-01-03-01-02-02-17.wav;happy
03-01-03-02-01-01-17.wav;happy
03-01-03-02-01-02-17.wav;happy
03-01-03-02-02-01-17.wav;happy
03-01-03-02-02-02-17.wav;happy
03-01-04-01-01-01-17.wav;sad
03-01-04-01-01-02-17.wav;sad
03-01-04-01-02-01-17.wav;sad
03-01-04-01-02-02-17.wav;sad
03-01-04-02-01-01-17.wav;sad
03-01-04-02-01-02-17.wav;sad
03-01-04-02-02-01-17.wav;sad
03-01-04-02-02-02-17.wav;sad
03-01-05-01-01-01-17.wav;angry
03-01-05-01-01-02-17.wav;angry
03-01-05-01-02-01-17.wav;angry
03-01-05-01-02-02-17.wav;angry
03-01-05-02-01-01-17.wav;angry
03-01-05-02-01-02-17.wav;angry
03-01-05-02-02-01-17.wav;angry
03-01-05-02-02-02-17.wav;angry
03-01-06-01-01-01-17.wav;fearful
03-01-06-01-01-02-17.wav;fearful
03-01-06-01-02-01-17.wav;fearful
03-01-06-01-02-02-17.wav;fearful
03-01-06-02-01-01-17.wav;fearful
03-01-06-02-01-02-17.wav;fearful
03-01-06-02-02-01-17.wav;fearful
03-01-06-02-02-02-17.wav;fearful
03-01-07-01-01-01-17.wav;disgust
03-01-07-01-01-02-17.wav;disgust
03-01-07-01-02-01-17.wav;disgust
03-01-07-01-02-02-17.wav;disgust
03-01-07-02-01-01-17.wav;disgust
03-01-07-02-01-02-17.wav;disgust
03-01-07-02-02-01-17.wav;disgust
03-01-07-02-02-02-17.wav;disgust
03-01-08-01-01-01-17.wav;surprised
03-01-08-01-01-02-17.wav;surprised
03-01-08-01-02-01-17.wav;surprised
03-01-08-01-02-02-17.wav;surprised
03-01-08-02-01-01-17.wav;surprised
03-01-08-02-01-02-17.wav;surprised
03-01-08-02-02-01-17.wav;surprised
03-01-08-02-02-02-17.wav;surprised
03-01-01-01-01-01-18.wav;neutral
03-01-01-01-01-02-18.wav;neutral
03-01-01-01-02-01-18.wav;neutral
03-01-01-01-02-02-18.wav;neutral
03-01-02-01-01-01-18.wav;calm
03-01-02-01-01-02-18.wav;calm
03-01-02-01-02-01-18.wav;calm
03-01-02-01-02-02-18.wav;calm
03-01-02-02-01-01-18.wav;calm
03-01-02-02-01-02-18.wav;calm
03-01-02-02-02-01-18.wav;calm
03-01-02-02-02-02-18.wav;calm
03-01-03-01-01-01-18.wav;happy
03-01-03-01-01-02-18.wav;happy
03-01-03-01-02-01-18.wav;happy
03-01-03-01-02-02-18.wav;happy
03-01-03-02-01-01-18.wav;happy
03-01-03-02-01-02-18.wav;happy
03-01-03-02-02-01-18.wav;happy
03-01-03-02-02-02-18.wav;happy
03-01-04-01-01-01-18.wav;sad
03-01-04-01-01-02-18.wav;sad
03-01-04-01-02-01-18.wav;sad
03-01-04-01-02-02-18.wav;sad
03-01-04-02-01-01-18.wav;sad
03-01-04-02-01-02-18.wav;sad
03-01-04-02-02-01-18.wav;sad
03-01-04-02-02-02-18.wav;sad
03-01-05-01-01-01-18.wav;angry
03-01-05-01-01-02-18.wav;angry
03-01-05-01-02-01-18.wav;angry
03-01-05-01-02-02-18.wav;angry
03-01-05-02-01-01-18.wav;angry
03-01-05-02-01-02-18.wav;angry
03-01-05-02-02-01-18.wav;angry
03-01-05-02-02-02-18.wav;angry
03-01-06-01-01-01-18.wav;fearful
03-01-06-01-01-02-18.wav;fearful
03-01-06-01-02-01-18.wav;fearful
03-01-06-01-02-02-18.wav;fearful
03-01-06-02-01-01-18.wav;fearful
03-01-06-02-01-02-18.wav;fearful
03-01-06-02-02-01-18.wav;fearful
03-01-06-02-02-02-18.wav;fearful
03-01-07-01-01-01-18.wav;disgust
03-01-07-01-01-02-18.wav;disgust
03-01-07-01-02-01-18.wav;disgust
03-01-07-01-02-02-18.wav;disgust
03-01-07-02-01-01-18.wav;disgust
03-01-07-02-01-02-18.wav;disgust
03-01-07-02-02-01-18.wav;disgust
03-01-07-02-02-02-18.wav;disgust
03-01-08-01-01-01-18.wav;surprised
03-01-08-01-01-02-18.wav;surprised
03-01-08-01-02-01-18.wav;surprised
03-01-08-01-02-02-18.wav;surprised
03-01-08-02-01-01-18.wav;surprised
03-01-08-02-01-02-18.wav;surprised
03-01-08-02-02-01-18.wav;surprised
03-01-08-02-02-02-18.wav;surprised
03-01-01-01-01-01-19.wav;neutral
03-01-01-01-01-02-19.wav;neutral
03-01-01-01-02-01-19.wav;neutral
03-01-01-01-02-02-19.wav;neutral
03-01-02-01-01-01-19.wav;calm
03-01-02-01-01-02-19.wav;calm
03-01-02-01-02-01-19.wav;calm
03-01-02-01-02-02-19.wav;calm
03-01-02-02-01-01-19.wav;calm
03-01-02-02-01-02-19.wav;calm
03-01-02-02-02-01-19.wav;calm
03-01-02-02-02-02-19.wav;calm
03-01-03-01-01-01-19.wav;happy
03-01-03-01-01-02-19.wav;happy
03-01-03-01-02-01-19.wav;happy
03-01-03-01-02-02-19.wav;happy
03-01-03-02-01-01-19.wav;happy
03-01-03-02-01-02-19.wav;happy
03-01-03-02-02-01-19.wav;happy
03-01-03-02-02-02-19.wav;happy
03-01-04-01-01-01-19.wav;sad
03-01-04-01-01-02-19.wav;sad
03-01-04-01-02-01-19.wav;sad
03-01-04-01-02-02-19.wav;sad
03-01-04-02-01-01-19.wav;sad
03-01-04-02-01-02-19.wav;sad
03-01-04-02-02-01-19.wav;sad
03-01-04-02-02-02-19.wav;sad
03-01-05-01-01-01-19.wav;angry
03-01-05-01-01-02-19.wav;angry
03-01-05-01-02-01-19.wav;angry
03-01-05-01-02-02-19.wav;angry
03-01-05-02-01-01-19.wav;angry
03-01-05-02-01-02-19.wav;angry
03-01-05-02-02-01-19.wav;angry
03-01-05-02-02-02-19.wav;angry
03-01-06-01-01-01-19.wav;fearful
03-01-06-01-01-02-19.wav;fearful
03-01-06-01-02-01-19.wav;fearful
03-01-06-01-02-02-19.wav;fearful
03-01-06-02-01-01-19.wav;fearful
03-01-06-02-01-02-19.wav;fearful
03-01-06-02-02-01-19.wav;fearful
03-01-06-02-02-02-19.wav;fearful
03-01-07-01-01-01-19.wav;disgust
03-01-07-01-01-02-19.wav;disgust
03-01-07-01-02-01-19.wav;disgust
03-01-07-01-02-02-19.wav;disgust
03-01-07-02-01-01-19.wav;disgust
03-01-07-02-01-02-19.wav;disgust
03-01-07-02-02-01-19.wav;disgust
03-01-07-02-02-02-19.wav;disgust
03-01-08-01-01-01-19.wav;surprised
03-01-08-01-01-02-19.wav;surprised
03-01-08-01-02-01-19.wav;surprised
03-01-08-01-02-02-19.wav;surprised
03-01-08-02-01-01-19.wav;surprised
03-01-08-02-01-02-19.wav;surprised
03-01-08-02-02-01-19.wav;surprised
03-01-08-02-02-02-19.wav;surprised
03-01-01-01-01-01-20.wav;neutral
03-01-01-01-01-02-20.wav;neutral
03-01-01-01-02-01-20.wav;neutral
03-01-01-01-02-02-20.wav;neutral
03-01-02-01-01-01-20.wav;calm
03-01-02-01-01-02-20.wav;calm
03-01-02-01-02-01-20.wav;calm
03-01-02-01-02-02-20.wav;calm
03-01-02-02-01-01-20.wav;calm
03-01-02-02-01-02-20.wav;calm
03-01-02-02-02-01-20.wav;calm
03-01-02-02-02-02-20.wav;calm
03-01-03-01-01-01-20.wav;happy
03-01-03-01-01-02-20.wav;happy
03-01-03-01-02-01-20.wav;happy
03-01-03-01-02-02-20.wav;happy
03-01-03-02-01-01-20.wav;happy
03-01-03-02-01-02-20.wav;happy
03-01-03-02-02-01-20.wav;happy
03-01-03-02-02-02-20.wav;happy
03-01-04-01-01-01-20.wav;sad
03-01-04-01-01-02-20.wav;sad
03-01-04-01-02-01-20.wav;sad
03-01-04-01-02-02-20.wav;sad
03-01-04-02-01-01-20.wav;sad
03-01-04-02-01-02-20.wav;sad
03-01-04-02-02-01-20.wav;sad
03-01-04-02-02-02-20.wav;sad
03-01-05-01-01-01-20.wav;angry
03-01-05-01-01-02-20.wav;angry
03-01-05-01-02-01-20.wav;angry
03-01-05-01-02-02-20.wav;angry
03-01-05-02-01-01-20.wav;angry
03-01-05-02-01-02-20.wav;angry
03-01-05-02-02-01-20.wav;angry
03-01-05-02-02-02-20.wav;angry
03-01-06-01-01-01-20.wav;fearful
03-01-06-01-01-02-20.wav;fearful
03-01-06-01-02-01-20.wav;fearful
03-01-06-01-02-02-20.wav;fearful
03-01-06-02-01-01-20.wav;fearful
03-01-06-02-01-02-20.wav;fearful
03-01-06-02-02-01-20.wav;fearful
03-01-06-02-02-02-20.wav;fearful
03-01-07-01-01-01-20.wav;disgust
03-01-07-01-01-02-20.wav;disgust
03-01-07-01-02-01-20.wav;disgust
03-01-07-01-02-02-20.wav;disgust
03-01-07-02-01-01-20.wav;disgust
03-01-07-02-01-02-20.wav;disgust
03-01-07-02-02-01-20.wav;disgust
03-01-07-02-02-02-20.wav;disgust
03-01-08-01-01-01-20.wav;surprised
03-01-08-01-01-02-20.wav;surprised
03-01-08-01-02-01-20.wav;surprised
03-01-08-01-02-02-20.wav;surprised
03-01-08-02-01-01-20.wav;surprised
03-01-08-02-01-02-20.wav;surprised
03-01-08-02-02-01-20.wav;surprised
03-01-08-02-02-02-20.wav;surprised
03-01-01-01-01-01-21.wav;neutral
03-01-01-01-01-02-21.wav;neutral
03-01-01-01-02-01-21.wav;neutral
03-01-01-01-02-02-21.wav;neutral
03-01-02-01-01-01-21.wav;calm
03-01-02-01-01-02-21.wav;calm
03-01-02-01-02-01-21.wav;calm
03-01-02-01-02-02-21.wav;calm
03-01-02-02-01-01-21.wav;calm
03-01-02-02-01-02-21.wav;calm
03-01-02-02-02-01-21.wav;calm
03-01-02-02-02-02-21.wav;calm
03-01-03-01-01-01-21.wav;happy
03-01-03-01-01-02-21.wav;happy
03-01-03-01-02-01-21.wav;happy
03-01-03-01-02-02-21.wav;happy
03-01-03-02-01-01-21.wav;happy
03-01-03-02-01-02-21.wav;happy
03-01-03-02-02-01-21.wav;happy
03-01-03-02-02-02-21.wav;happy
03-01-04-01-01-01-21.wav;sad
03-01-04-01-01-02-21.wav;sad
03-01-04-01-02-01-21.wav;sad
03-01-04-01-02-02-21.wav;sad
03-01-04-02-01-01-21.wav;sad
03-01-04-02-01-02-21.wav;sad
03-01-04-02-02-01-21.wav;sad
03-01-04-02-02-02-21.wav;sad
03-01-05-01-01-01-21.wav;angry
03-01-05-01-01-02-21.wav;angry
03-01-05-01-02-01-21.wav;angry
03-01-05-01-02-02-21.wav;angry
03-01-05-02-01-01-21.wav;angry
03-01-05-02-01-02-21.wav;angry
03-01-05-02-02-01-21.wav;angry
03-01-05-02-02-02-21.wav;angry
03-01-06-01-01-01-21.wav;fearful
03-01-06-01-01-02-21.wav;fearful
03-01-06-01-02-01-21.wav;fearful
03-01-06-01-02-02-21.wav;fearful
03-01-06-02-01-01-21.wav;fearful
03-01-06-02-01-02-21.wav;fearful
03-01-06-02-02-01-21.wav;fearful
03-01-06-02-02-02-21.wav;fearful
03-01-07-01-01-01-21.wav;disgust
03-01-07-01-01-02-21.wav;disgust
03-01-07-01-02-01-21.wav;disgust
03-01-07-01-02-02-21.wav;disgust
03-01-07-02-01-01-21.wav;disgust
03-01-07-02-01-02-21.wav;disgust
03-01-07-02-02-01-21.wav;disgust
03-01-07-02-02-02-21.wav;disgust
03-01-08-01-01-01-21.wav;surprised
03-01-08-01-01-02-21.wav;surprised
03-01-08-01-02-01-21.wav;surprised
03-01-08-01-02-02-21.wav;surprised
03-01-08-02-01-01-21.wav;surprised
03-01-08-02-01-02-21.wav;surprised
03-01-08-02-02-01-21.wav;surprised
03-01-08-02-02-02-21.wav;surprised
03-01-01-01-01-01-22.wav;neutral
03-01-01-01-01-02-22.wav;neutral
03-01-01-01-02-01-22.wav;neutral
03-01-01-01-02-02-22.wav;neutral
03-01-02-01-01-01-22.wav;calm
03-01-02-01-01-02-22.wav;calm
03-01-02-01-02-01-22.wav;calm
03-01-02-01-02-02-22.wav;calm
03-01-02-02-01-01-22.wav;calm
03-01-02-02-01-02-22.wav;calm
03-01-02-02-02-01-22.wav;calm
03-01-02-02-02-02-22.wav;calm
03-01-03-01-01-01-22.wav;happy
03-01-03-01-01-02-22.wav;happy
03-01-03-01-02-01-22.wav;happy
03-01-03-01-02-02-22.wav;happy
03-01-03-02-01-01-22.wav;happy
03-01-03-02-01-02-22.wav;happy
03-01-03-02-02-01-22.wav;happy
03-01-03-02-02-02-22.wav;happy
03-01-04-01-01-01-22.wav;sad
03-01-04-01-01-02-22.wav;sad
03-01-04-01-02-01-22.wav;sad
03-01-04-01-02-02-22.wav;sad
03-01-04-02-01-01-22.wav;sad
03-01-04-02-01-02-22.wav;sad
03-01-04-02-02-01-22.wav;sad
03-01-04-02-02-02-22.wav;sad
03-01-05-01-01-01-22.wav;angry
03-01-05-01-01-02-22.wav;angry
03-01-05-01-02-01-22.wav;angry
03-01-05-01-02-02-22.wav;angry
03-01-05-02-01-01-22.wav;angry
03-01-05-02-01-02-22.wav;angry
03-01-05-02-02-01-22.wav;angry
03-01-05-02-02-02-22.wav;angry
03-01-06-01-01-01-22.wav;fearful
03-01-06-01-01-02-22.wav;fearful
03-01-06-01-02-01-22.wav;fearful
03-01-06-01-02-02-22.wav;fearful
03-01-06-02-01-01-22.wav;fearful
03-01-06-02-01-02-22.wav;fearful
03-01-06-02-02-01-22.wav;fearful
03-01-06-02-02-02-22.wav;fearful
03-01-07-01-01-01-22.wav;disgust
03-01-07-01-01-02-22.wav;disgust
03-01-07-01-02-01-22.wav;disgust
03-01-07-01-02-02-22.wav;disgust
03-01-07-02-01-01-22.wav;disgust
03-01-07-02-01-02-22.wav;disgust
03-01-07-02-02-01-22.wav;disgust
03-01-07-02-02-02-22.wav;disgust
03-01-08-01-01-01-22.wav;surprised
03-01-08-01-01-02-22.wav;surprised
03-01-08-01-02-01-22.wav;surprised
03-01-08-01-02-02-22.wav;surprised
03-01-08-02-01-01-22.wav;surprised
03-01-08-02-01-02-22.wav;surprised
03-01-08-02-02-01-22.wav;surprised
03-01-08-02-02-02-22.wav;surprised
03-01-01-01-01-01-23.wav;neutral
03-01-01-01-01-02-23.wav;neutral
03-01-01-01-02-01-23.wav;neutral
03-01-01-01-02-02-23.wav;neutral
03-01-02-01-01-01-23.wav;calm
03-01-02-01-01-02-23.wav;calm
03-01-02-01-02-01-23.wav;calm
03-01-02-01-02-02-23.wav;calm
03-01-02-02-01-01-23.wav;calm
03-01-02-02-01-02-23.wav;calm
03-01-02-02-02-01-23.wav;calm
03-01-02-02-02-02-23.wav;calm
03-01-03-01-01-01-23.wav;happy
03-01-03-01-01-02-23.wav;happy
03-01-03-01-02-01-23.wav;happy
03-01-03-01-02-02-23.wav;happy
03-01-03-02-01-01-23.wav;happy
03-01-03-02-01-02-23.wav;happy
03-01-03-02-02-01-23.wav;happy
03-01-03-02-02-02-23.wav;happy
03-01-04-01-01-01-23.wav;sad
03-01-04-01-01-02-23.wav;sad
03-01-04-01-02-01-23.wav;sad
03-01-04-01-02-02-23.wav;sad
03-01-04-02-01-01-23.wav;sad
03-01-04-02-01-02-23.wav;sad
03-01-04-02-02-01-23.wav;sad
03-01-04-02-02-02-23.wav;sad
03-01-05-01-01-01-23.wav;angry
03-01-05-01-01-02-23.wav;angry
03-01-05-01-02-01-23.wav;angry
03-01-05-01-02-02-23.wav;angry
03-01-05-02-01-01-23.wav;angry
03-01-05-02-01-02-23.wav;angry
03-01-05-02-02-01-23.wav;angry
03-01-05-02-02-02-23.wav;angry
03-01-06-01-01-01-23.wav;fearful
03-01-06-01-01-02-23.wav;fearful
03-01-06-01-02-01-23.wav;fearful
03-01-06-01-02-02-23.wav;fearful
03-01-06-02-01-01-23.wav;fearful
03-01-06-02-01-02-23.wav;fearful
03-01-06-02-02-01-23.wav;fearful
03-01-06-02-02-02-23.wav;fearful
03-01-07-01-01-01-23.wav;disgust
03-01-07-01-01-02-23.wav;disgust
03-01-07-01-02-01-23.wav;disgust
03-01-07-01-02-02-23.wav;disgust
03-01-07-02-01-01-23.wav;disgust
03-01-07-02-01-02-23.wav;disgust
03-01-07-02-02-01-23.wav;disgust
03-01-07-02-02-02-23.wav;disgust
03-01-08-01-01-01-23.wav;surprised
03-01-08-01-01-02-23.wav;surprised
03-01-08-01-02-01-23.wav;surprised
03-01-08-01-02-02-23.wav;surprised
03-01-08-02-01-01-23.wav;surprised
03-01-08-02-01-02-23.wav;surprised
03-01-08-02-02-01-23.wav;surprised
03-01-08-02-02-02-23.wav;surprised
03-01-01-01-01-01-24.wav;neutral
03-01-01-01-01-02-24.wav;neutral
03-01-01-01-02-01-24.wav;neutral
03-01-01-01-02-02-24.wav;neutral
03-01-02-01-01-01-24.wav;calm
03-01-02-01-01-02-24.wav;calm
03-01-02-01-02-01-24.wav;calm
03-01-02-01-02-02-24.wav;calm
03-01-02-02-01-01-24.wav;calm
03-01-02-02-01-02-24.wav;calm
03-01-02-02-02-01-24.wav;calm
03-01-02-02-02-02-24.wav;calm
03-01-03-01-01-01-24.wav;happy
03-01-03-01-01-02-24.wav;happy
03-01-03-01-02-01-24.wav;happy
03-01-03-01-02-02-24.wav;happy
03-01-03-02-01-01-24.wav;happy
03-01-03-02-01-02-24.wav;happy
03-01-03-02-02-01-24.wav;happy
03-01-03-02-02-02-24.wav;happy
03-01-04-01-01-01-24.wav;sad
03-01-04-01-01-02-24.wav;sad
03-01-04-01-02-01-24.wav;sad
03-01-04-01-02-02-24.wav;sad
03-01-04-02-01-01-24.wav;sad
03-01-04-02-01-02-24.wav;sad
03-01-04-02-02-01-24.wav;sad
03-01-04-02-02-02-24.wav;sad
03-01-05-01-01-01-24.wav;angry
03-01-05-01-01-02-24.wav;angry
03-01-05-01-02-01-24.wav;angry
03-01-05-01-02-02-24.wav;angry
03-01-05-02-01-01-24.wav;angry
03-01-05-02-01-02-24.wav;angry
03-01-05-02-02-01-24.wav;angry
03-01-05-02-02-02-24.wav;angry
03-01-06-01-01-01-24.wav;fearful
03-01-06-01-01-02-24.wav;fearful
03-01-06-01-02-01-24.wav;fearful
03-01-06-01-02-02-24.wav;fearful
03-01-06-02-01-01-24.wav;fearful
03-01-06-02-01-02-24.wav;fearful
03-01-06-02-02-01-24.wav;fearful
03-01-06-02-02-02-24.wav;fearful
03-01-07-01-01-01-24.wav;disgust
03-01-07-01-01-02-24.wav;disgust
03-01-07-01-02-01-24.wav;disgust
03-01-07-01-02-02-24.wav;disgust
03-01-07-02-01-01-24.wav;disgust
03-01-07-02-01-02-24.wav;disgust
03-01-07-02-02-01-24.wav;disgust
03-01-07-02-02-02-24.wav;disgust
03-01-08-01-01-01-24.wav;surprised
03-01-08-01-01-02-24.wav;surprised
03-01-08-01-02-01-24.wav;surprised
03-01-08-01-02-02-24.wav;surprised
03-01-08-02-01-01-24.wav;surprised
03-01-08-02-01-02-24.wav;surprised
03-01-08-02-02-01-24.wav;surprised
03-01-08-02-02-02-24.wav;surprised
